League,GameId,MatchId,WinTeam,LossTeam,BestOf,SeriesScore,Gamelength,Team1Gold,Team2Gold,Team1Kills,Team2Kills
LPL,LPL/2026 Season/Split 1 Playoffs_Finals_1_1,LPL/2026 Season/Split 1 Playoffs_Finals_1,Bilibili Gaming,JD Gaming,5.0,3-1,35:30,71732,68022,16,13
LPL,LPL/2026 Season/Split 1 Playoffs_Finals_1_2,LPL/2026 Season/Split 1 Playoffs_Finals_1,Bilibili Gaming,JD Gaming,5.0,3-1,29:55,67141,52735,27,10
LPL,LPL/2026 Season/Split 1 Playoffs_Finals_1_3,LPL/2026 Season/Split 1 Playoffs_Finals_1,JD Gaming,Bilibili Gaming,5.0,3-1,26:16,45162,51571,6,15
LPL,LPL/2026 Season/Split 1 Playoffs_Finals_1_4,LPL/2026 Season/Split 1 Playoffs_Finals_1,Bilibili Gaming,JD Gaming,5.0,3-1,33:41,59764,71060,6,17
LPL,LPL/2026 Season/Split 1 Playoffs_Play-In Round 1_1_1,LPL/2026 Season/Split 1 Playoffs_Play-In Round 1_1,Team WE,Top Esports,5.0,3-2,42:37,93460,81797,35,20
LPL,LPL/2026 Season/Split 1 Playoffs_Play-In Round 1_1_2,LPL/2026 Season/Split 1 Playoffs_Play-In Round 1_1,Top Esports,Team WE,5.0,3-2,30:34,57916,67262,14,22
LPL,LPL/2026 Season/Split 1 Playoffs_Play-In Round 1_1_3,LPL/2026 Season/Split 1 Playoffs_Play-In Round 1_1,Top Esports,Team WE,5.0,3-2,30:06,54079,70640,15,23
LPL,LPL/2026 Season/Split 1 Playoffs_Play-In Round 1_1_4,LPL/2026 Season/Split 1 Playoffs_Play-In Round 1_1,Team WE,Top Esports,5.0,3-2,37:28,76511,70122,18,11
LPL,LPL/2026 Season/Split 1 Playoffs_Play-In Round 1_1_5,LPL/2026 Season/Split 1 Playoffs_Play-In Round 1_1,Top Esports,Team WE,5.0,3-2,35:44,68437,78104,16,23
LPL,LPL/2026 Season/Split 1 Playoffs_Play-In Round 1_2_1,LPL/2026 Season/Split 1 Playoffs_Play-In Round 1_2,Invictus Gaming,Ninjas in Pyjamas.CN,5.0,1-3,41:36,82541,83993,16,15
LPL,LPL/2026 Season/Split 1 Playoffs_Play-In Round 1_2_2,LPL/2026 Season/Split 1 Playoffs_Play-In Round 1_2,Ninjas in Pyjamas.CN,Invictus Gaming,5.0,1-3,32:20,55231,66874,3,12
LPL,LPL/2026 Season/Split 1 Playoffs_Play-In Round 1_2_3,LPL/2026 Season/Split 1 Playoffs_Play-In Round 1_2,Ninjas in Pyjamas.CN,Invictus Gaming,5.0,1-3,33:02,60369,67764,9,16
LPL,LPL/2026 Season/Split 1 Playoffs_Play-In Round 1_2_4,LPL/2026 Season/Split 1 Playoffs_Play-In Round 1_2,Ninjas in Pyjamas.CN,Invictus Gaming,5.0,1-3,32:51,56431,66797,4,14
LPL,LPL/2026 Season/Split 1 Playoffs_Play-In Round 2_1_1,LPL/2026 Season/Split 1 Playoffs_Play-In Round 2_1,LNG Esports,ThunderTalk Gaming,5.0,0-3,26:53,46298,55222,4,12
LPL,LPL/2026 Season/Split 1 Playoffs_Play-In Round 2_1_2,LPL/2026 Season/Split 1 Playoffs_Play-In Round 2_1,LNG Esports,ThunderTalk Gaming,5.0,0-3,43:02,86124,91891,20,29
LPL,LPL/2026 Season/Split 1 Playoffs_Play-In Round 2_1_3,LPL/2026 Season/Split 1 Playoffs_Play-In Round 2_1,LNG Esports,ThunderTalk Gaming,5.0,0-3,39:23,82569,72230,16,11
LPL,LPL/2026 Season/Split 1 Playoffs_Play-In Round 2_2_1,LPL/2026 Season/Split 1 Playoffs_Play-In Round 2_2,Oh My God,EDward Gaming,5.0,1-3,41:24,83832,83469,18,11
LPL,LPL/2026 Season/Split 1 Playoffs_Play-In Round 2_2_2,LPL/2026 Season/Split 1 Playoffs_Play-In Round 2_2,Oh My God,EDward Gaming,5.0,1-3,37:29,79489,70236,22,17
LPL,LPL/2026 Season/Split 1 Playoffs_Play-In Round 2_2_3,LPL/2026 Season/Split 1 Playoffs_Play-In Round 2_2,EDward Gaming,Oh My God,5.0,1-3,33:40,56380,68931,8,17
LPL,LPL/2026 Season/Split 1 Playoffs_Play-In Round 2_2_4,LPL/2026 Season/Split 1 Playoffs_Play-In Round 2_2,Oh My God,EDward Gaming,5.0,1-3,44:06,87239,85268,17,19
LPL,LPL/2026 Season/Split 1 Playoffs_Play-In Round 3_1_1,LPL/2026 Season/Split 1 Playoffs_Play-In Round 3_1,Invictus Gaming,Oh My God,5.0,3-0,46:16,84898,95039,11,22
LPL,LPL/2026 Season/Split 1 Playoffs_Play-In Round 3_1_2,LPL/2026 Season/Split 1 Playoffs_Play-In Round 3_1,Invictus Gaming,Oh My God,5.0,3-0,31:26,68404,51951,13,5
LPL,LPL/2026 Season/Split 1 Playoffs_Play-In Round 3_1_3,LPL/2026 Season/Split 1 Playoffs_Play-In Round 3_1,Invictus Gaming,Oh My God,5.0,3-0,29:41,64573,55014,26,14
LPL,LPL/2026 Season/Split 1 Playoffs_Play-In Round 3_2_1,LPL/2026 Season/Split 1 Playoffs_Play-In Round 3_2,Team WE,LNG Esports,5.0,3-1,37:47,73538,78367,14,24
LPL,LPL/2026 Season/Split 1 Playoffs_Play-In Round 3_2_2,LPL/2026 Season/Split 1 Playoffs_Play-In Round 3_2,Team WE,LNG Esports,5.0,3-1,36:18,71910,73230,18,23
LPL,LPL/2026 Season/Split 1 Playoffs_Play-In Round 3_2_3,LPL/2026 Season/Split 1 Playoffs_Play-In Round 3_2,LNG Esports,Team WE,5.0,3-1,30:57,57314,67370,8,30
LPL,LPL/2026 Season/Split 1 Playoffs_Play-In Round 3_2_4,LPL/2026 Season/Split 1 Playoffs_Play-In Round 3_2,Team WE,LNG Esports,5.0,3-1,38:47,73977,83197,22,28
LPL,LPL/2026 Season/Split 1 Playoffs_Round 1_1_1,LPL/2026 Season/Split 1 Playoffs_Round 1_1,Top Esports,JD Gaming,5.0,3-2,29:56,60423,55866,17,16
LPL,LPL/2026 Season/Split 1 Playoffs_Round 1_1_2,LPL/2026 Season/Split 1 Playoffs_Round 1_1,JD Gaming,Top Esports,5.0,3-2,23:04,38579,52048,3,19
LPL,LPL/2026 Season/Split 1 Playoffs_Round 1_1_3,LPL/2026 Season/Split 1 Playoffs_Round 1_1,Top Esports,JD Gaming,5.0,3-2,35:57,67732,73717,16,16
LPL,LPL/2026 Season/Split 1 Playoffs_Round 1_1_4,LPL/2026 Season/Split 1 Playoffs_Round 1_1,JD Gaming,Top Esports,5.0,3-2,32:58,66428,60831,23,12
LPL,LPL/2026 Season/Split 1 Playoffs_Round 1_1_5,LPL/2026 Season/Split 1 Playoffs_Round 1_1,JD Gaming,Top Esports,5.0,3-2,29:46,65069,54433,20,11
LPL,LPL/2026 Season/Split 1 Playoffs_Round 1_2_1,LPL/2026 Season/Split 1 Playoffs_Round 1_2,Anyone's Legend,Team WE,5.0,3-0,26:32,46919,62692,9,23
LPL,LPL/2026 Season/Split 1 Playoffs_Round 1_2_2,LPL/2026 Season/Split 1 Playoffs_Round 1_2,Anyone's Legend,Team WE,5.0,3-0,25:59,57113,43126,18,3
LPL,LPL/2026 Season/Split 1 Playoffs_Round 1_2_3,LPL/2026 Season/Split 1 Playoffs_Round 1_2,Anyone's Legend,Team WE,5.0,3-0,21:58,50286,36616,28,5
LPL,LPL/2026 Season/Split 1 Playoffs_Round 1_3_1,LPL/2026 Season/Split 1 Playoffs_Round 1_3,Weibo Gaming,Invictus Gaming,5.0,3-0,44:55,87166,92128,24,32
LPL,LPL/2026 Season/Split 1 Playoffs_Round 1_3_2,LPL/2026 Season/Split 1 Playoffs_Round 1_3,Weibo Gaming,Invictus Gaming,5.0,3-0,27:06,55739,50133,20,12
LPL,LPL/2026 Season/Split 1 Playoffs_Round 1_3_3,LPL/2026 Season/Split 1 Playoffs_Round 1_3,Weibo Gaming,Invictus Gaming,5.0,3-0,34:31,71844,59249,18,7
LPL,LPL/2026 Season/Split 1 Playoffs_Round 1_4_1,LPL/2026 Season/Split 1 Playoffs_Round 1_4,Bilibili Gaming,Ninjas in Pyjamas.CN,5.0,3-0,27:24,60097,48045,19,7
LPL,LPL/2026 Season/Split 1 Playoffs_Round 1_4_2,LPL/2026 Season/Split 1 Playoffs_Round 1_4,Bilibili Gaming,Ninjas in Pyjamas.CN,5.0,3-0,30:46,68940,53553,26,10
LPL,LPL/2026 Season/Split 1 Playoffs_Round 1_4_3,LPL/2026 Season/Split 1 Playoffs_Round 1_4,Bilibili Gaming,Ninjas in Pyjamas.CN,5.0,3-0,31:15,68672,59886,29,13
LPL,LPL/2026 Season/Split 1 Playoffs_Round 1_5_1,LPL/2026 Season/Split 1 Playoffs_Round 1_5,Top Esports,Team WE,5.0,3-0,29:48,55123,66742,11,21
LPL,LPL/2026 Season/Split 1 Playoffs_Round 1_5_2,LPL/2026 Season/Split 1 Playoffs_Round 1_5,Top Esports,Team WE,5.0,3-0,30:06,53951,67942,10,25
LPL,LPL/2026 Season/Split 1 Playoffs_Round 1_5_3,LPL/2026 Season/Split 1 Playoffs_Round 1_5,Top Esports,Team WE,5.0,3-0,28:11,53239,64378,7,29
LPL,LPL/2026 Season/Split 1 Playoffs_Round 1_6_1,LPL/2026 Season/Split 1 Playoffs_Round 1_6,Invictus Gaming,Ninjas in Pyjamas.CN,5.0,3-1,36:28,77206,64877,19,6
LPL,LPL/2026 Season/Split 1 Playoffs_Round 1_6_2,LPL/2026 Season/Split 1 Playoffs_Round 1_6,Ninjas in Pyjamas.CN,Invictus Gaming,5.0,3-1,41:48,76624,87246,11,21
LPL,LPL/2026 Season/Split 1 Playoffs_Round 1_6_3,LPL/2026 Season/Split 1 Playoffs_Round 1_6,Invictus Gaming,Ninjas in Pyjamas.CN,5.0,3-1,27:00,62044,49598,24,10
LPL,LPL/2026 Season/Split 1 Playoffs_Round 1_6_4,LPL/2026 Season/Split 1 Playoffs_Round 1_6,Invictus Gaming,Ninjas in Pyjamas.CN,5.0,3-1,39:21,81602,70827,15,12
LPL,LPL/2026 Season/Split 1 Playoffs_Round 2_1_1,LPL/2026 Season/Split 1 Playoffs_Round 2_1,Anyone's Legend,JD Gaming,5.0,3-2,30:30,62727,51684,14,3
LPL,LPL/2026 Season/Split 1 Playoffs_Round 2_1_2,LPL/2026 Season/Split 1 Playoffs_Round 2_1,JD Gaming,Anyone's Legend,5.0,3-2,33:47,67666,66198,16,14
LPL,LPL/2026 Season/Split 1 Playoffs_Round 2_1_3,LPL/2026 Season/Split 1 Playoffs_Round 2_1,JD Gaming,Anyone's Legend,5.0,3-2,35:08,70252,59361,14,2
LPL,LPL/2026 Season/Split 1 Playoffs_Round 2_1_4,LPL/2026 Season/Split 1 Playoffs_Round 2_1,Anyone's Legend,JD Gaming,5.0,3-2,26:31,44788,58018,7,20
LPL,LPL/2026 Season/Split 1 Playoffs_Round 2_1_5,LPL/2026 Season/Split 1 Playoffs_Round 2_1,JD Gaming,Anyone's Legend,5.0,3-2,38:08,65437,74531,6,12
LPL,LPL/2026 Season/Split 1 Playoffs_Round 2_2_1,LPL/2026 Season/Split 1 Playoffs_Round 2_2,Bilibili Gaming,Weibo Gaming,5.0,0-3,32:27,67209,61135,17,15
LPL,LPL/2026 Season/Split 1 Playoffs_Round 2_2_2,LPL/2026 Season/Split 1 Playoffs_Round 2_2,Bilibili Gaming,Weibo Gaming,5.0,0-3,24:13,54688,42843,25,9
LPL,LPL/2026 Season/Split 1 Playoffs_Round 2_2_3,LPL/2026 Season/Split 1 Playoffs_Round 2_2,Bilibili Gaming,Weibo Gaming,5.0,0-3,26:09,56337,43019,19,4
LPL,LPL/2026 Season/Split 1 Playoffs_Round 2_3_1,LPL/2026 Season/Split 1 Playoffs_Round 2_3,Weibo Gaming,Top Esports,5.0,3-2,31:03,68991,54453,26,8
LPL,LPL/2026 Season/Split 1 Playoffs_Round 2_3_2,LPL/2026 Season/Split 1 Playoffs_Round 2_3,Top Esports,Weibo Gaming,5.0,3-2,33:15,60198,69208,16,16
LPL,LPL/2026 Season/Split 1 Playoffs_Round 2_3_3,LPL/2026 Season/Split 1 Playoffs_Round 2_3,Weibo Gaming,Top Esports,5.0,3-2,32:44,63594,61331,15,11
LPL,LPL/2026 Season/Split 1 Playoffs_Round 2_3_4,LPL/2026 Season/Split 1 Playoffs_Round 2_3,Top Esports,Weibo Gaming,5.0,3-2,30:37,55209,63969,14,23
LPL,LPL/2026 Season/Split 1 Playoffs_Round 2_3_5,LPL/2026 Season/Split 1 Playoffs_Round 2_3,Weibo Gaming,Top Esports,5.0,3-2,35:03,75768,68249,25,12
LPL,LPL/2026 Season/Split 1 Playoffs_Round 2_4_1,LPL/2026 Season/Split 1 Playoffs_Round 2_4,Anyone's Legend,Invictus Gaming,5.0,3-1,26:46,46607,60893,8,22
LPL,LPL/2026 Season/Split 1 Playoffs_Round 2_4_2,LPL/2026 Season/Split 1 Playoffs_Round 2_4,Invictus Gaming,Anyone's Legend,5.0,3-1,31:11,54482,65475,7,24
LPL,LPL/2026 Season/Split 1 Playoffs_Round 2_4_3,LPL/2026 Season/Split 1 Playoffs_Round 2_4,Anyone's Legend,Invictus Gaming,5.0,3-1,30:26,53507,60557,3,10
LPL,LPL/2026 Season/Split 1 Playoffs_Round 2_4_4,LPL/2026 Season/Split 1 Playoffs_Round 2_4,Anyone's Legend,Invictus Gaming,5.0,3-1,23:41,52574,38112,18,2
LPL,LPL/2026 Season/Split 1 Playoffs_Round 3_1_1,LPL/2026 Season/Split 1 Playoffs_Round 3_1,Weibo Gaming,Anyone's Legend,5.0,3-1,34:05,62017,72950,11,21
LPL,LPL/2026 Season/Split 1 Playoffs_Round 3_1_2,LPL/2026 Season/Split 1 Playoffs_Round 3_1,Weibo Gaming,Anyone's Legend,5.0,3-1,36:00,74105,66106,22,10
LPL,LPL/2026 Season/Split 1 Playoffs_Round 3_1_3,LPL/2026 Season/Split 1 Playoffs_Round 3_1,Anyone's Legend,Weibo Gaming,5.0,3-1,32:32,59287,68337,9,12
LPL,LPL/2026 Season/Split 1 Playoffs_Round 3_1_4,LPL/2026 Season/Split 1 Playoffs_Round 3_1,Weibo Gaming,Anyone's Legend,5.0,3-1,33:05,55598,66595,6,18
LPL,LPL/2026 Season/Split 1 Playoffs_Round 4_1_1,LPL/2026 Season/Split 1 Playoffs_Round 4_1,JD Gaming,Bilibili Gaming,5.0,2-3,39:13,73534,73757,11,13
LPL,LPL/2026 Season/Split 1 Playoffs_Round 4_1_2,LPL/2026 Season/Split 1 Playoffs_Round 4_1,Bilibili Gaming,JD Gaming,5.0,2-3,33:45,60973,73040,8,20
LPL,LPL/2026 Season/Split 1 Playoffs_Round 4_1_3,LPL/2026 Season/Split 1 Playoffs_Round 4_1,JD Gaming,Bilibili Gaming,5.0,2-3,35:46,67146,73782,14,18
LPL,LPL/2026 Season/Split 1 Playoffs_Round 4_1_4,LPL/2026 Season/Split 1 Playoffs_Round 4_1,Bilibili Gaming,JD Gaming,5.0,2-3,30:19,51166,66887,4,17
LPL,LPL/2026 Season/Split 1 Playoffs_Round 4_1_5,LPL/2026 Season/Split 1 Playoffs_Round 4_1,Bilibili Gaming,JD Gaming,5.0,2-3,29:29,59133,51051,12,6
LPL,LPL/2026 Season/Split 1 Playoffs_Round 4_2_1,LPL/2026 Season/Split 1 Playoffs_Round 4_2,JD Gaming,Weibo Gaming,5.0,3-0,32:43,66428,54937,13,4
LPL,LPL/2026 Season/Split 1 Playoffs_Round 4_2_2,LPL/2026 Season/Split 1 Playoffs_Round 4_2,JD Gaming,Weibo Gaming,5.0,3-0,35:30,73610,62140,15,5
LPL,LPL/2026 Season/Split 1 Playoffs_Round 4_2_3,LPL/2026 Season/Split 1 Playoffs_Round 4_2,JD Gaming,Weibo Gaming,5.0,3-0,27:45,55366,51091,14,13
LPL,LPL/2026 Season/Split 1_Tiebreakers_1_1,LPL/2026 Season/Split 1_Tiebreakers_1,Ninjas in Pyjamas.CN,Team WE,3.0,2-0,39:13,76379,87842,14,21
LPL,LPL/2026 Season/Split 1_Tiebreakers_1_2,LPL/2026 Season/Split 1_Tiebreakers_1,Ninjas in Pyjamas.CN,Team WE,3.0,2-0,31:49,61858,70043,8,20
LPL,LPL/2026 Season/Split 1_Week 1_1_1,LPL/2026 Season/Split 1_Week 1_1,Invictus Gaming,Weibo Gaming,3.0,2-1,38:42,77379,69456,18,8
LPL,LPL/2026 Season/Split 1_Week 1_1_2,LPL/2026 Season/Split 1_Week 1_1,Weibo Gaming,Invictus Gaming,3.0,2-1,33:08,59394,71751,7,29
LPL,LPL/2026 Season/Split 1_Week 1_1_3,LPL/2026 Season/Split 1_Week 1_1,Weibo Gaming,Invictus Gaming,3.0,2-1,40:04,88158,75196,25,11
LPL,LPL/2026 Season/Split 1_Week 1_10_1,LPL/2026 Season/Split 1_Week 1_10,Bilibili Gaming,Top Esports,3.0,0-2,27:51,62701,44438,23,3
LPL,LPL/2026 Season/Split 1_Week 1_10_2,LPL/2026 Season/Split 1_Week 1_10,Bilibili Gaming,Top Esports,3.0,0-2,36:13,81458,68159,30,14
LPL,LPL/2026 Season/Split 1_Week 1_11_1,LPL/2026 Season/Split 1_Week 1_11,JD Gaming,Anyone's Legend,3.0,1-2,31:30,70054,55092,25,6
LPL,LPL/2026 Season/Split 1_Week 1_11_2,LPL/2026 Season/Split 1_Week 1_11,Anyone's Legend,JD Gaming,3.0,1-2,44:25,78967,87128,6,18
LPL,LPL/2026 Season/Split 1_Week 1_11_3,LPL/2026 Season/Split 1_Week 1_11,JD Gaming,Anyone's Legend,3.0,1-2,32:58,59496,68085,11,22
LPL,LPL/2026 Season/Split 1_Week 1_2_1,LPL/2026 Season/Split 1_Week 1_2,JD Gaming,Top Esports,3.0,0-2,24:56,58248,39621,22,2
LPL,LPL/2026 Season/Split 1_Week 1_2_2,LPL/2026 Season/Split 1_Week 1_2,JD Gaming,Top Esports,3.0,0-2,28:24,60741,51389,24,8
LPL,LPL/2026 Season/Split 1_Week 1_3_1,LPL/2026 Season/Split 1_Week 1_3,LGD Gaming,Ultra Prime,3.0,2-0,34:31,57669,75571,6,18
LPL,LPL/2026 Season/Split 1_Week 1_3_2,LPL/2026 Season/Split 1_Week 1_3,LGD Gaming,Ultra Prime,3.0,2-0,37:20,68118,80479,9,15
LPL,LPL/2026 Season/Split 1_Week 1_4_1,LPL/2026 Season/Split 1_Week 1_4,Anyone's Legend,Invictus Gaming,3.0,0-2,26:23,59604,49712,22,11
LPL,LPL/2026 Season/Split 1_Week 1_4_2,LPL/2026 Season/Split 1_Week 1_4,Anyone's Legend,Invictus Gaming,3.0,0-2,34:09,70708,63937,21,12
LPL,LPL/2026 Season/Split 1_Week 1_5_1,LPL/2026 Season/Split 1_Week 1_5,Weibo Gaming,Bilibili Gaming,3.0,1-2,34:57,62518,75073,9,26
LPL,LPL/2026 Season/Split 1_Week 1_5_2,LPL/2026 Season/Split 1_Week 1_5,Bilibili Gaming,Weibo Gaming,3.0,1-2,37:47,70253,76416,13,16
LPL,LPL/2026 Season/Split 1_Week 1_5_3,LPL/2026 Season/Split 1_Week 1_5,Bilibili Gaming,Weibo Gaming,3.0,1-2,35:53,72711,69558,15,7
LPL,LPL/2026 Season/Split 1_Week 1_6_1,LPL/2026 Season/Split 1_Week 1_6,LNG Esports,Oh My God,3.0,2-0,28:49,48850,64654,5,18
LPL,LPL/2026 Season/Split 1_Week 1_6_2,LPL/2026 Season/Split 1_Week 1_6,LNG Esports,Oh My God,3.0,2-0,24:12,55671,39306,25,4
LPL,LPL/2026 Season/Split 1_Week 1_7_1,LPL/2026 Season/Split 1_Week 1_7,Team WE,EDward Gaming,3.0,2-0,38:19,70726,77012,9,18
LPL,LPL/2026 Season/Split 1_Week 1_7_2,LPL/2026 Season/Split 1_Week 1_7,Team WE,EDward Gaming,3.0,2-0,31:50,67731,63690,15,18
LPL,LPL/2026 Season/Split 1_Week 1_8_1,LPL/2026 Season/Split 1_Week 1_8,Anyone's Legend,Bilibili Gaming,3.0,2-1,31:42,66113,57068,14,10
LPL,LPL/2026 Season/Split 1_Week 1_8_2,LPL/2026 Season/Split 1_Week 1_8,Bilibili Gaming,Anyone's Legend,3.0,2-1,31:01,53516,70618,9,25
LPL,LPL/2026 Season/Split 1_Week 1_8_3,LPL/2026 Season/Split 1_Week 1_8,Bilibili Gaming,Anyone's Legend,3.0,2-1,32:46,71303,61672,17,12
LPL,LPL/2026 Season/Split 1_Week 1_9_1,LPL/2026 Season/Split 1_Week 1_9,Invictus Gaming,JD Gaming,3.0,1-2,35:30,72583,64661,16,12
LPL,LPL/2026 Season/Split 1_Week 1_9_2,LPL/2026 Season/Split 1_Week 1_9,JD Gaming,Invictus Gaming,3.0,1-2,28:44,51011,61173,5,16
LPL,LPL/2026 Season/Split 1_Week 1_9_3,LPL/2026 Season/Split 1_Week 1_9,Invictus Gaming,JD Gaming,3.0,1-2,31:45,58112,68271,9,16
LPL,LPL/2026 Season/Split 1_Week 2_1_1,LPL/2026 Season/Split 1_Week 2_1,Team WE,ThunderTalk Gaming,3.0,0-2,25:50,54443,48852,15,7
LPL,LPL/2026 Season/Split 1_Week 2_1_2,LPL/2026 Season/Split 1_Week 2_1,Team WE,ThunderTalk Gaming,3.0,0-2,29:59,62385,57582,16,13
LPL,LPL/2026 Season/Split 1_Week 2_10_1,LPL/2026 Season/Split 1_Week 2_10,Team WE,Ninjas in Pyjamas.CN,3.0,1-2,30:50,65755,58683,18,17
LPL,LPL/2026 Season/Split 1_Week 2_10_2,LPL/2026 Season/Split 1_Week 2_10,Ninjas in Pyjamas.CN,Team WE,3.0,1-2,33:36,61694,72929,10,25
LPL,LPL/2026 Season/Split 1_Week 2_10_3,LPL/2026 Season/Split 1_Week 2_10,Ninjas in Pyjamas.CN,Team WE,3.0,1-2,33:57,60739,74361,6,20
LPL,LPL/2026 Season/Split 1_Week 2_11_1,LPL/2026 Season/Split 1_Week 2_11,Oh My God,LGD Gaming,3.0,2-1,46:23,87697,96643,14,18
LPL,LPL/2026 Season/Split 1_Week 2_11_2,LPL/2026 Season/Split 1_Week 2_11,LGD Gaming,Oh My God,3.0,2-1,27:49,61569,45077,18,1
LPL,LPL/2026 Season/Split 1_Week 2_11_3,LPL/2026 Season/Split 1_Week 2_11,Oh My God,LGD Gaming,3.0,2-1,29:02,53604,61679,8,20
LPL,LPL/2026 Season/Split 1_Week 2_12_1,LPL/2026 Season/Split 1_Week 2_12,ThunderTalk Gaming,EDward Gaming,3.0,2-1,32:28,71505,67041,25,19
LPL,LPL/2026 Season/Split 1_Week 2_12_2,LPL/2026 Season/Split 1_Week 2_12,EDward Gaming,ThunderTalk Gaming,3.0,2-1,36:06,65923,81284,8,20
LPL,LPL/2026 Season/Split 1_Week 2_12_3,LPL/2026 Season/Split 1_Week 2_12,EDward Gaming,ThunderTalk Gaming,3.0,2-1,36:32,77406,65791,18,10
LPL,LPL/2026 Season/Split 1_Week 2_13_1,LPL/2026 Season/Split 1_Week 2_13,JD Gaming,Bilibili Gaming,3.0,2-0,40:46,73693,79925,16,20
LPL,LPL/2026 Season/Split 1_Week 2_13_2,LPL/2026 Season/Split 1_Week 2_13,JD Gaming,Bilibili Gaming,3.0,2-0,35:04,69727,66669,15,17
LPL,LPL/2026 Season/Split 1_Week 2_14_1,LPL/2026 Season/Split 1_Week 2_14,Anyone's Legend,Top Esports,3.0,1-2,32:24,69169,59843,23,8
LPL,LPL/2026 Season/Split 1_Week 2_14_2,LPL/2026 Season/Split 1_Week 2_14,Top Esports,Anyone's Legend,3.0,1-2,28:33,48931,61532,11,20
LPL,LPL/2026 Season/Split 1_Week 2_14_3,LPL/2026 Season/Split 1_Week 2_14,Anyone's Legend,Top Esports,3.0,1-2,29:11,52861,59965,8,18
LPL,LPL/2026 Season/Split 1_Week 2_15_1,LPL/2026 Season/Split 1_Week 2_15,Weibo Gaming,JD Gaming,3.0,2-0,31:54,55046,67932,4,18
LPL,LPL/2026 Season/Split 1_Week 2_15_2,LPL/2026 Season/Split 1_Week 2_15,Weibo Gaming,JD Gaming,3.0,2-0,31:19,64376,55646,8,3
LPL,LPL/2026 Season/Split 1_Week 2_16_1,LPL/2026 Season/Split 1_Week 2_16,Team WE,Ninjas in Pyjamas.CN,3.0,1-2,44:17,87463,85430,16,16
LPL,LPL/2026 Season/Split 1_Week 2_16_2,LPL/2026 Season/Split 1_Week 2_16,Ninjas in Pyjamas.CN,Team WE,3.0,1-2,36:24,69649,76675,15,22
LPL,LPL/2026 Season/Split 1_Week 2_16_3,LPL/2026 Season/Split 1_Week 2_16,Team WE,Ninjas in Pyjamas.CN,3.0,1-2,38:51,81949,75394,18,19
LPL,LPL/2026 Season/Split 1_Week 2_17_1,LPL/2026 Season/Split 1_Week 2_17,Top Esports,Invictus Gaming,3.0,2-0,33:14,58794,70988,8,20
LPL,LPL/2026 Season/Split 1_Week 2_17_2,LPL/2026 Season/Split 1_Week 2_17,Top Esports,Invictus Gaming,3.0,2-0,25:18,55232,41686,18,5
LPL,LPL/2026 Season/Split 1_Week 2_2_1,LPL/2026 Season/Split 1_Week 2_2,Top Esports,Weibo Gaming,3.0,2-1,42:03,79760,83986,18,17
LPL,LPL/2026 Season/Split 1_Week 2_2_2,LPL/2026 Season/Split 1_Week 2_2,Weibo Gaming,Top Esports,3.0,2-1,30:23,52548,69074,8,23
LPL,LPL/2026 Season/Split 1_Week 2_2_3,LPL/2026 Season/Split 1_Week 2_2,Top Esports,Weibo Gaming,3.0,2-1,23:36,41299,53269,3,21
LPL,LPL/2026 Season/Split 1_Week 2_3_1,LPL/2026 Season/Split 1_Week 2_3,EDward Gaming,Ninjas in Pyjamas.CN,3.0,1-2,29:20,50979,63885,7,16
LPL,LPL/2026 Season/Split 1_Week 2_3_2,LPL/2026 Season/Split 1_Week 2_3,Ninjas in Pyjamas.CN,EDward Gaming,3.0,1-2,29:07,51232,62517,4,23
LPL,LPL/2026 Season/Split 1_Week 2_3_3,LPL/2026 Season/Split 1_Week 2_3,Ninjas in Pyjamas.CN,EDward Gaming,3.0,1-2,38:18,66774,76801,5,12
LPL,LPL/2026 Season/Split 1_Week 2_4_1,LPL/2026 Season/Split 1_Week 2_4,Anyone's Legend,Weibo Gaming,3.0,2-0,29:59,64147,55189,24,9
LPL,LPL/2026 Season/Split 1_Week 2_4_2,LPL/2026 Season/Split 1_Week 2_4,Anyone's Legend,Weibo Gaming,3.0,2-0,32:30,69097,62029,14,11
LPL,LPL/2026 Season/Split 1_Week 2_5_1,LPL/2026 Season/Split 1_Week 2_5,Bilibili Gaming,Invictus Gaming,3.0,0-2,33:47,72951,60166,18,6
LPL,LPL/2026 Season/Split 1_Week 2_5_2,LPL/2026 Season/Split 1_Week 2_5,Bilibili Gaming,Invictus Gaming,3.0,0-2,30:06,64828,50989,20,3
LPL,LPL/2026 Season/Split 1_Week 2_6_1,LPL/2026 Season/Split 1_Week 2_6,LNG Esports,LGD Gaming,3.0,2-1,33:56,70120,57709,15,4
LPL,LPL/2026 Season/Split 1_Week 2_6_2,LPL/2026 Season/Split 1_Week 2_6,LGD Gaming,LNG Esports,3.0,2-1,33:38,60870,67129,9,15
LPL,LPL/2026 Season/Split 1_Week 2_6_3,LPL/2026 Season/Split 1_Week 2_6,LNG Esports,LGD Gaming,3.0,2-1,41:45,86314,75233,16,8
LPL,LPL/2026 Season/Split 1_Week 2_7_1,LPL/2026 Season/Split 1_Week 2_7,Top Esports,Invictus Gaming,3.0,2-1,38:09,84297,78926,27,28
LPL,LPL/2026 Season/Split 1_Week 2_7_2,LPL/2026 Season/Split 1_Week 2_7,Invictus Gaming,Top Esports,3.0,2-1,45:57,88886,91347,19,25
LPL,LPL/2026 Season/Split 1_Week 2_7_3,LPL/2026 Season/Split 1_Week 2_7,Invictus Gaming,Top Esports,3.0,2-1,33:51,69387,59822,18,5
LPL,LPL/2026 Season/Split 1_Week 2_8_1,LPL/2026 Season/Split 1_Week 2_8,Ultra Prime,Oh My God,3.0,0-2,32:01,54658,68967,5,23
LPL,LPL/2026 Season/Split 1_Week 2_8_2,LPL/2026 Season/Split 1_Week 2_8,Ultra Prime,Oh My God,3.0,0-2,33:50,60486,71377,6,20
LPL,LPL/2026 Season/Split 1_Week 2_9_1,LPL/2026 Season/Split 1_Week 2_9,EDward Gaming,ThunderTalk Gaming,3.0,0-2,27:15,57431,45900,13,2
LPL,LPL/2026 Season/Split 1_Week 2_9_2,LPL/2026 Season/Split 1_Week 2_9,EDward Gaming,ThunderTalk Gaming,3.0,0-2,32:31,70437,62285,20,13
LPL,LPL/2026 Season/Split 1_Week 3_1_1,LPL/2026 Season/Split 1_Week 3_1,Team WE,ThunderTalk Gaming,3.0,2-0,26:09,41680,57906,3,19
LPL,LPL/2026 Season/Split 1_Week 3_1_2,LPL/2026 Season/Split 1_Week 3_1,Team WE,ThunderTalk Gaming,3.0,2-0,39:37,86220,86452,25,24
LPL,LPL/2026 Season/Split 1_Week 3_10_1,LPL/2026 Season/Split 1_Week 3_10,Weibo Gaming,JD Gaming,3.0,1-2,35:18,75047,65927,16,8
LPL,LPL/2026 Season/Split 1_Week 3_10_2,LPL/2026 Season/Split 1_Week 3_10,JD Gaming,Weibo Gaming,3.0,1-2,32:28,56490,70136,4,21
LPL,LPL/2026 Season/Split 1_Week 3_10_3,LPL/2026 Season/Split 1_Week 3_10,Weibo Gaming,JD Gaming,3.0,1-2,36:42,62750,70593,7,15
LPL,LPL/2026 Season/Split 1_Week 3_11_1,LPL/2026 Season/Split 1_Week 3_11,Oh My God,Ultra Prime,3.0,0-2,31:15,53266,65064,3,15
LPL,LPL/2026 Season/Split 1_Week 3_11_2,LPL/2026 Season/Split 1_Week 3_11,Oh My God,Ultra Prime,3.0,0-2,30:13,57170,63701,6,18
LPL,LPL/2026 Season/Split 1_Week 3_12_1,LPL/2026 Season/Split 1_Week 3_12,Bilibili Gaming,Top Esports,3.0,1-2,33:34,57197,72017,6,26
LPL,LPL/2026 Season/Split 1_Week 3_12_2,LPL/2026 Season/Split 1_Week 3_12,Top Esports,Bilibili Gaming,3.0,1-2,30:08,56562,67320,17,28
LPL,LPL/2026 Season/Split 1_Week 3_12_3,LPL/2026 Season/Split 1_Week 3_12,Top Esports,Bilibili Gaming,3.0,1-2,32:56,59654,74096,14,22
LPL,LPL/2026 Season/Split 1_Week 3_13_1,LPL/2026 Season/Split 1_Week 3_13,Anyone's Legend,JD Gaming,3.0,1-2,32:49,69388,60353,14,11
LPL,LPL/2026 Season/Split 1_Week 3_13_2,LPL/2026 Season/Split 1_Week 3_13,JD Gaming,Anyone's Legend,3.0,1-2,34:37,62125,72854,14,21
LPL,LPL/2026 Season/Split 1_Week 3_13_3,LPL/2026 Season/Split 1_Week 3_13,Anyone's Legend,JD Gaming,3.0,1-2,38:31,70799,79062,9,14
LPL,LPL/2026 Season/Split 1_Week 3_14_1,LPL/2026 Season/Split 1_Week 3_14,Bilibili Gaming,Invictus Gaming,3.0,2-0,26:33,47347,60797,8,22
LPL,LPL/2026 Season/Split 1_Week 3_14_2,LPL/2026 Season/Split 1_Week 3_14,Bilibili Gaming,Invictus Gaming,3.0,2-0,32:14,73481,59062,23,13
LPL,LPL/2026 Season/Split 1_Week 3_15_1,LPL/2026 Season/Split 1_Week 3_15,LNG Esports,LGD Gaming,3.0,1-2,31:27,67789,58080,16,9
LPL,LPL/2026 Season/Split 1_Week 3_15_2,LPL/2026 Season/Split 1_Week 3_15,LGD Gaming,LNG Esports,3.0,1-2,36:31,63515,78631,5,16
LPL,LPL/2026 Season/Split 1_Week 3_15_3,LPL/2026 Season/Split 1_Week 3_15,LNG Esports,LGD Gaming,3.0,1-2,31:33,69674,54222,22,4
LPL,LPL/2026 Season/Split 1_Week 3_16_1,LPL/2026 Season/Split 1_Week 3_16,Anyone's Legend,Top Esports,3.0,2-0,29:39,51302,68087,12,34
LPL,LPL/2026 Season/Split 1_Week 3_16_2,LPL/2026 Season/Split 1_Week 3_16,Anyone's Legend,Top Esports,3.0,2-0,25:09,56091,41767,19,2
LPL,LPL/2026 Season/Split 1_Week 3_2_1,LPL/2026 Season/Split 1_Week 3_2,JD Gaming,Bilibili Gaming,3.0,1-2,39:14,79124,71953,16,11
LPL,LPL/2026 Season/Split 1_Week 3_2_2,LPL/2026 Season/Split 1_Week 3_2,Bilibili Gaming,JD Gaming,3.0,1-2,35:18,68192,68755,21,14
LPL,LPL/2026 Season/Split 1_Week 3_2_3,LPL/2026 Season/Split 1_Week 3_2,JD Gaming,Bilibili Gaming,3.0,1-2,29:16,52730,62178,9,17
LPL,LPL/2026 Season/Split 1_Week 3_3_1,LPL/2026 Season/Split 1_Week 3_3,LNG Esports,Ultra Prime,3.0,0-2,25:57,56358,46685,14,5
LPL,LPL/2026 Season/Split 1_Week 3_3_2,LPL/2026 Season/Split 1_Week 3_3,LNG Esports,Ultra Prime,3.0,0-2,28:57,63392,47755,21,3
LPL,LPL/2026 Season/Split 1_Week 3_4_1,LPL/2026 Season/Split 1_Week 3_4,Weibo Gaming,Top Esports,3.0,2-1,29:43,53490,67402,7,35
LPL,LPL/2026 Season/Split 1_Week 3_4_2,LPL/2026 Season/Split 1_Week 3_4,Top Esports,Weibo Gaming,3.0,2-1,24:57,42338,55305,6,20
LPL,LPL/2026 Season/Split 1_Week 3_4_3,LPL/2026 Season/Split 1_Week 3_4,Weibo Gaming,Top Esports,3.0,2-1,32:45,62481,68377,13,23
LPL,LPL/2026 Season/Split 1_Week 3_5_1,LPL/2026 Season/Split 1_Week 3_5,Anyone's Legend,Invictus Gaming,3.0,2-1,32:18,53186,66726,6,16
LPL,LPL/2026 Season/Split 1_Week 3_5_2,LPL/2026 Season/Split 1_Week 3_5,Invictus Gaming,Anyone's Legend,3.0,2-1,32:15,60354,72980,10,26
LPL,LPL/2026 Season/Split 1_Week 3_5_3,LPL/2026 Season/Split 1_Week 3_5,Anyone's Legend,Invictus Gaming,3.0,2-1,31:48,52676,63869,3,17
LPL,LPL/2026 Season/Split 1_Week 3_6_1,LPL/2026 Season/Split 1_Week 3_6,Ultra Prime,LGD Gaming,3.0,1-2,28:45,61340,48368,18,6
LPL,LPL/2026 Season/Split 1_Week 3_6_2,LPL/2026 Season/Split 1_Week 3_6,LGD Gaming,Ultra Prime,3.0,1-2,35:07,62172,75973,9,20
LPL,LPL/2026 Season/Split 1_Week 3_6_3,LPL/2026 Season/Split 1_Week 3_6,LGD Gaming,Ultra Prime,3.0,1-2,29:53,51210,59912,2,12
LPL,LPL/2026 Season/Split 1_Week 3_7_1,LPL/2026 Season/Split 1_Week 3_7,LNG Esports,Oh My God,3.0,0-2,35:31,72707,63489,20,11
LPL,LPL/2026 Season/Split 1_Week 3_7_2,LPL/2026 Season/Split 1_Week 3_7,LNG Esports,Oh My God,3.0,0-2,23:12,53086,36711,22,2
LPL,LPL/2026 Season/Split 1_Week 3_8_1,LPL/2026 Season/Split 1_Week 3_8,Ninjas in Pyjamas.CN,EDward Gaming,3.0,1-2,31:19,56006,65226,11,15
LPL,LPL/2026 Season/Split 1_Week 3_8_2,LPL/2026 Season/Split 1_Week 3_8,EDward Gaming,Ninjas in Pyjamas.CN,3.0,1-2,26:27,57121,45176,19,7
LPL,LPL/2026 Season/Split 1_Week 3_8_3,LPL/2026 Season/Split 1_Week 3_8,EDward Gaming,Ninjas in Pyjamas.CN,3.0,1-2,39:22,76765,71584,10,8
LPL,LPL/2026 Season/Split 1_Week 3_9_1,LPL/2026 Season/Split 1_Week 3_9,Ninjas in Pyjamas.CN,ThunderTalk Gaming,3.0,0-2,29:02,48965,63522,6,18
LPL,LPL/2026 Season/Split 1_Week 3_9_2,LPL/2026 Season/Split 1_Week 3_9,Ninjas in Pyjamas.CN,ThunderTalk Gaming,3.0,0-2,25:40,61229,41963,23,5
LPL,LPL/2026 Season/Split 1_Week 4_1_1,LPL/2026 Season/Split 1_Week 4_1,Oh My God,LGD Gaming,3.0,1-2,34:50,68680,69777,13,14
LPL,LPL/2026 Season/Split 1_Week 4_1_2,LPL/2026 Season/Split 1_Week 4_1,LGD Gaming,Oh My God,3.0,1-2,35:01,72950,61099,22,12
LPL,LPL/2026 Season/Split 1_Week 4_1_3,LPL/2026 Season/Split 1_Week 4_1,Oh My God,LGD Gaming,3.0,1-2,30:44,53090,62869,3,16
LPL,LPL/2026 Season/Split 1_Week 4_10_1,LPL/2026 Season/Split 1_Week 4_10,Bilibili Gaming,Anyone's Legend,3.0,2-1,34:22,75203,61411,23,6
LPL,LPL/2026 Season/Split 1_Week 4_10_2,LPL/2026 Season/Split 1_Week 4_10,Anyone's Legend,Bilibili Gaming,3.0,2-1,32:58,62079,67151,7,17
LPL,LPL/2026 Season/Split 1_Week 4_10_3,LPL/2026 Season/Split 1_Week 4_10,Anyone's Legend,Bilibili Gaming,3.0,2-1,34:34,71138,64790,17,13
LPL,LPL/2026 Season/Split 1_Week 4_2_1,LPL/2026 Season/Split 1_Week 4_2,Bilibili Gaming,Weibo Gaming,3.0,2-0,31:42,55033,70012,7,21
LPL,LPL/2026 Season/Split 1_Week 4_2_2,LPL/2026 Season/Split 1_Week 4_2,Bilibili Gaming,Weibo Gaming,3.0,2-0,35:51,76253,69048,22,16
LPL,LPL/2026 Season/Split 1_Week 4_3_1,LPL/2026 Season/Split 1_Week 4_3,LNG Esports,Ultra Prime,3.0,2-0,26:57,61018,48117,18,9
LPL,LPL/2026 Season/Split 1_Week 4_3_2,LPL/2026 Season/Split 1_Week 4_3,LNG Esports,Ultra Prime,3.0,2-0,36:12,67360,65247,14,15
LPL,LPL/2026 Season/Split 1_Week 4_4_1,LPL/2026 Season/Split 1_Week 4_4,Invictus Gaming,JD Gaming,3.0,1-2,29:39,52278,67226,7,21
LPL,LPL/2026 Season/Split 1_Week 4_4_2,LPL/2026 Season/Split 1_Week 4_4,JD Gaming,Invictus Gaming,3.0,1-2,32:18,66524,57717,18,8
LPL,LPL/2026 Season/Split 1_Week 4_4_3,LPL/2026 Season/Split 1_Week 4_4,JD Gaming,Invictus Gaming,3.0,1-2,37:58,77439,65496,15,9
LPL,LPL/2026 Season/Split 1_Week 4_5_1,LPL/2026 Season/Split 1_Week 4_5,EDward Gaming,Team WE,3.0,2-0,32:36,56919,72556,4,19
LPL,LPL/2026 Season/Split 1_Week 4_5_2,LPL/2026 Season/Split 1_Week 4_5,EDward Gaming,Team WE,3.0,2-0,35:18,74114,66551,23,13
LPL,LPL/2026 Season/Split 1_Week 4_6_1,LPL/2026 Season/Split 1_Week 4_6,Weibo Gaming,Anyone's Legend,3.0,1-2,39:07,73874,79188,19,24
LPL,LPL/2026 Season/Split 1_Week 4_6_2,LPL/2026 Season/Split 1_Week 4_6,Anyone's Legend,Weibo Gaming,3.0,1-2,35:29,61243,74337,8,25
LPL,LPL/2026 Season/Split 1_Week 4_6_3,LPL/2026 Season/Split 1_Week 4_6,Anyone's Legend,Weibo Gaming,3.0,1-2,30:38,65210,59594,21,21
LPL,LPL/2026 Season/Split 1_Week 4_7_1,LPL/2026 Season/Split 1_Week 4_7,Ninjas in Pyjamas.CN,ThunderTalk Gaming,3.0,2-0,36:38,62695,76844,6,18
LPL,LPL/2026 Season/Split 1_Week 4_7_2,LPL/2026 Season/Split 1_Week 4_7,Ninjas in Pyjamas.CN,ThunderTalk Gaming,3.0,2-0,33:39,59337,73482,8,21
LPL,LPL/2026 Season/Split 1_Week 4_8_1,LPL/2026 Season/Split 1_Week 4_8,Top Esports,JD Gaming,3.0,0-2,31:47,70460,58082,19,9
LPL,LPL/2026 Season/Split 1_Week 4_8_2,LPL/2026 Season/Split 1_Week 4_8,Top Esports,JD Gaming,3.0,0-2,28:10,51291,60049,7,13
LPL,LPL/2026 Season/Split 1_Week 4_9_1,LPL/2026 Season/Split 1_Week 4_9,Weibo Gaming,Invictus Gaming,3.0,0-2,44:55,95451,83926,35,16
LPL,LPL/2026 Season/Split 1_Week 4_9_2,LPL/2026 Season/Split 1_Week 4_9,Weibo Gaming,Invictus Gaming,3.0,0-2,46:36,89789,85820,20,19
LEC,LEC/2026 Season/Versus Playoffs_Finals_1_1,LEC/2026 Season/Versus Playoffs_Finals_1,G2 Esports,Karmine Corp,5.0,3-2,34:16,71285,60795,16,6
LEC,LEC/2026 Season/Versus Playoffs_Finals_1_2,LEC/2026 Season/Versus Playoffs_Finals_1,G2 Esports,Karmine Corp,5.0,3-2,32:38,69041,57556,17,3
LEC,LEC/2026 Season/Versus Playoffs_Finals_1_3,LEC/2026 Season/Versus Playoffs_Finals_1,Karmine Corp,G2 Esports,5.0,3-2,32:17,58069,67871,11,17
LEC,LEC/2026 Season/Versus Playoffs_Finals_1_4,LEC/2026 Season/Versus Playoffs_Finals_1,Karmine Corp,G2 Esports,5.0,3-2,36:06,65878,70539,12,15
LEC,LEC/2026 Season/Versus Playoffs_Finals_1_5,LEC/2026 Season/Versus Playoffs_Finals_1,G2 Esports,Karmine Corp,5.0,3-2,46:24,97283,93636,26,17
LEC,LEC/2026 Season/Versus Playoffs_Round 1_1_1,LEC/2026 Season/Versus Playoffs_Round 1_1,Natus Vincere,Fnatic,3.0,2-0,30:36,67646,55893,21,8
LEC,LEC/2026 Season/Versus Playoffs_Round 1_1_2,LEC/2026 Season/Versus Playoffs_Round 1_1,Natus Vincere,Fnatic,3.0,2-0,30:13,53310,61847,7,14
LEC,LEC/2026 Season/Versus Playoffs_Round 1_2_1,LEC/2026 Season/Versus Playoffs_Round 1_2,Movistar KOI,Team Vitality,3.0,0-2,55:42,113552,104756,29,21
LEC,LEC/2026 Season/Versus Playoffs_Round 1_2_2,LEC/2026 Season/Versus Playoffs_Round 1_2,Movistar KOI,Team Vitality,3.0,0-2,31:15,66910,52625,18,5
LEC,LEC/2026 Season/Versus Playoffs_Round 1_3_1,LEC/2026 Season/Versus Playoffs_Round 1_3,G2 Esports,Team Heretics,3.0,0-2,24:55,41897,57009,2,16
LEC,LEC/2026 Season/Versus Playoffs_Round 1_3_2,LEC/2026 Season/Versus Playoffs_Round 1_3,G2 Esports,Team Heretics,3.0,0-2,24:26,53370,45483,19,12
LEC,LEC/2026 Season/Versus Playoffs_Round 1_4_1,LEC/2026 Season/Versus Playoffs_Round 1_4,Karmine Corp,GIANTX,3.0,2-0,32:34,69380,56312,16,4
LEC,LEC/2026 Season/Versus Playoffs_Round 1_4_2,LEC/2026 Season/Versus Playoffs_Round 1_4,Karmine Corp,GIANTX,3.0,2-0,34:09,58648,77639,6,21
LEC,LEC/2026 Season/Versus Playoffs_Round 1_5_1,LEC/2026 Season/Versus Playoffs_Round 1_5,GIANTX,Team Heretics,3.0,2-1,30:47,64843,53949,15,3
LEC,LEC/2026 Season/Versus Playoffs_Round 1_5_2,LEC/2026 Season/Versus Playoffs_Round 1_5,Team Heretics,GIANTX,3.0,2-1,38:05,72827,75274,12,12
LEC,LEC/2026 Season/Versus Playoffs_Round 1_5_3,LEC/2026 Season/Versus Playoffs_Round 1_5,GIANTX,Team Heretics,3.0,2-1,29:48,63246,51004,12,1
LEC,LEC/2026 Season/Versus Playoffs_Round 1_6_1,LEC/2026 Season/Versus Playoffs_Round 1_6,Team Vitality,Fnatic,3.0,0-2,33:04,71351,58723,17,9
LEC,LEC/2026 Season/Versus Playoffs_Round 1_6_2,LEC/2026 Season/Versus Playoffs_Round 1_6,Team Vitality,Fnatic,3.0,0-2,36:20,75904,63551,22,12
LEC,LEC/2026 Season/Versus Playoffs_Round 2_1_1,LEC/2026 Season/Versus Playoffs_Round 2_1,Movistar KOI,Natus Vincere,3.0,0-2,32:03,71253,56573,20,4
LEC,LEC/2026 Season/Versus Playoffs_Round 2_1_2,LEC/2026 Season/Versus Playoffs_Round 2_1,Movistar KOI,Natus Vincere,3.0,0-2,37:50,76356,66597,19,5
LEC,LEC/2026 Season/Versus Playoffs_Round 2_2_1,LEC/2026 Season/Versus Playoffs_Round 2_2,G2 Esports,Karmine Corp,3.0,0-2,33:09,74783,56858,24,8
LEC,LEC/2026 Season/Versus Playoffs_Round 2_2_2,LEC/2026 Season/Versus Playoffs_Round 2_2,G2 Esports,Karmine Corp,3.0,0-2,49:53,101725,95097,31,19
LEC,LEC/2026 Season/Versus Playoffs_Round 2_3_1,LEC/2026 Season/Versus Playoffs_Round 2_3,Natus Vincere,GIANTX,3.0,1-2,35:43,74303,62383,12,6
LEC,LEC/2026 Season/Versus Playoffs_Round 2_3_2,LEC/2026 Season/Versus Playoffs_Round 2_3,GIANTX,Natus Vincere,3.0,1-2,29:59,57342,59615,11,16
LEC,LEC/2026 Season/Versus Playoffs_Round 2_3_3,LEC/2026 Season/Versus Playoffs_Round 2_3,GIANTX,Natus Vincere,3.0,1-2,36:25,72648,63086,12,6
LEC,LEC/2026 Season/Versus Playoffs_Round 2_4_1,LEC/2026 Season/Versus Playoffs_Round 2_4,Team Vitality,Karmine Corp,3.0,2-1,38:49,79924,71783,16,13
LEC,LEC/2026 Season/Versus Playoffs_Round 2_4_2,LEC/2026 Season/Versus Playoffs_Round 2_4,Karmine Corp,Team Vitality,3.0,2-1,34:27,64341,73562,12,21
LEC,LEC/2026 Season/Versus Playoffs_Round 2_4_3,LEC/2026 Season/Versus Playoffs_Round 2_4,Karmine Corp,Team Vitality,3.0,2-1,25:39,39847,58467,2,20
LEC,LEC/2026 Season/Versus Playoffs_Round 3_1_1,LEC/2026 Season/Versus Playoffs_Round 3_1,Karmine Corp,GIANTX,5.0,0-3,32:54,57751,72511,8,22
LEC,LEC/2026 Season/Versus Playoffs_Round 3_1_2,LEC/2026 Season/Versus Playoffs_Round 3_1,Karmine Corp,GIANTX,5.0,0-3,31:36,57841,67191,5,14
LEC,LEC/2026 Season/Versus Playoffs_Round 3_1_3,LEC/2026 Season/Versus Playoffs_Round 3_1,Karmine Corp,GIANTX,5.0,0-3,41:37,76566,85677,11,18
LEC,LEC/2026 Season/Versus Playoffs_Round 4_1_1,LEC/2026 Season/Versus Playoffs_Round 4_1,G2 Esports,Movistar KOI,5.0,3-0,33:53,71850,61244,18,10
LEC,LEC/2026 Season/Versus Playoffs_Round 4_1_2,LEC/2026 Season/Versus Playoffs_Round 4_1,G2 Esports,Movistar KOI,5.0,3-0,27:19,62315,49516,23,8
LEC,LEC/2026 Season/Versus Playoffs_Round 4_1_3,LEC/2026 Season/Versus Playoffs_Round 4_1,G2 Esports,Movistar KOI,5.0,3-0,36:39,76612,67204,22,14
LEC,LEC/2026 Season/Versus Playoffs_Round 4_2_1,LEC/2026 Season/Versus Playoffs_Round 4_2,Movistar KOI,Karmine Corp,5.0,2-3,34:35,73040,59644,15,6
LEC,LEC/2026 Season/Versus Playoffs_Round 4_2_2,LEC/2026 Season/Versus Playoffs_Round 4_2,Karmine Corp,Movistar KOI,5.0,2-3,25:46,40256,57592,1,18
LEC,LEC/2026 Season/Versus Playoffs_Round 4_2_3,LEC/2026 Season/Versus Playoffs_Round 4_2,Movistar KOI,Karmine Corp,5.0,2-3,29:38,65434,51487,19,9
LEC,LEC/2026 Season/Versus Playoffs_Round 4_2_4,LEC/2026 Season/Versus Playoffs_Round 4_2,Karmine Corp,Movistar KOI,5.0,2-3,33:50,58840,66520,3,11
LEC,LEC/2026 Season/Versus Playoffs_Round 4_2_5,LEC/2026 Season/Versus Playoffs_Round 4_2,Karmine Corp,Movistar KOI,5.0,2-3,25:13,38956,57968,1,18
LEC,LEC/2026 Season/Versus Season_Week 1_1_1,LEC/2026 Season/Versus Season_Week 1_1,Fnatic,Los Ratones,1.0,0-1,32:13,69928,57367,13,2
LEC,LEC/2026 Season/Versus Season_Week 1_10_1,LEC/2026 Season/Versus Season_Week 1_10,SK Gaming,Fnatic,1.0,1-0,28:12,50086,64884,10,26
LEC,LEC/2026 Season/Versus Season_Week 1_11_1,LEC/2026 Season/Versus Season_Week 1_11,GIANTX,G2 Esports,1.0,0-1,35:59,65858,71091,14,19
LEC,LEC/2026 Season/Versus Season_Week 1_12_1,LEC/2026 Season/Versus Season_Week 1_12,Movistar KOI,Karmine Corp,1.0,1-0,32:14,59867,67431,8,16
LEC,LEC/2026 Season/Versus Season_Week 1_13_1,LEC/2026 Season/Versus Season_Week 1_13,Fnatic,Natus Vincere,1.0,0-1,37:50,70122,76904,10,17
LEC,LEC/2026 Season/Versus Season_Week 1_14_1,LEC/2026 Season/Versus Season_Week 1_14,Team Vitality,Karmine Corp Blue,1.0,1-0,36:03,66566,80064,13,28
LEC,LEC/2026 Season/Versus Season_Week 1_15_1,LEC/2026 Season/Versus Season_Week 1_15,Team Heretics,GIANTX,1.0,1-0,41:47,89192,76628,19,8
LEC,LEC/2026 Season/Versus Season_Week 1_16_1,LEC/2026 Season/Versus Season_Week 1_16,Shifters,Movistar KOI,1.0,1-0,26:41,56976,45824,22,4
LEC,LEC/2026 Season/Versus Season_Week 1_17_1,LEC/2026 Season/Versus Season_Week 1_17,Karmine Corp,Los Ratones,1.0,0-1,37:21,69085,76981,11,15
LEC,LEC/2026 Season/Versus Season_Week 1_18_1,LEC/2026 Season/Versus Season_Week 1_18,G2 Esports,SK Gaming,1.0,0-1,25:32,59766,43035,22,5
LEC,LEC/2026 Season/Versus Season_Week 1_2_1,LEC/2026 Season/Versus Season_Week 1_2,GIANTX,Shifters,1.0,0-1,35:25,73219,71954,19,20
LEC,LEC/2026 Season/Versus Season_Week 1_3_1,LEC/2026 Season/Versus Season_Week 1_3,Natus Vincere,Team Heretics,1.0,0-1,32:34,57861,71500,5,16
LEC,LEC/2026 Season/Versus Season_Week 1_4_1,LEC/2026 Season/Versus Season_Week 1_4,Team Vitality,SK Gaming,1.0,1-0,33:44,63223,74444,14,25
LEC,LEC/2026 Season/Versus Season_Week 1_5_1,LEC/2026 Season/Versus Season_Week 1_5,Karmine Corp,Karmine Corp Blue,1.0,0-1,35:35,77309,65112,20,11
LEC,LEC/2026 Season/Versus Season_Week 1_6_1,LEC/2026 Season/Versus Season_Week 1_6,Movistar KOI,G2 Esports,1.0,1-0,31:52,54061,72505,7,17
LEC,LEC/2026 Season/Versus Season_Week 1_7_1,LEC/2026 Season/Versus Season_Week 1_7,Shifters,Team Heretics,1.0,0-1,40:19,71774,78401,8,14
LEC,LEC/2026 Season/Versus Season_Week 1_8_1,LEC/2026 Season/Versus Season_Week 1_8,Karmine Corp Blue,Los Ratones,1.0,0-1,37:22,70452,80419,10,20
LEC,LEC/2026 Season/Versus Season_Week 1_9_1,LEC/2026 Season/Versus Season_Week 1_9,Natus Vincere,Team Vitality,1.0,0-1,30:41,59155,68319,11,22
LEC,LEC/2026 Season/Versus Season_Week 2_1_1,LEC/2026 Season/Versus Season_Week 2_1,GIANTX,Los Ratones,1.0,0-1,24:31,55988,42488,14,5
LEC,LEC/2026 Season/Versus Season_Week 2_10_1,LEC/2026 Season/Versus Season_Week 2_10,Movistar KOI,Karmine Corp Blue,1.0,1-0,25:55,42681,63375,6,27
LEC,LEC/2026 Season/Versus Season_Week 2_11_1,LEC/2026 Season/Versus Season_Week 2_11,Fnatic,GIANTX,1.0,1-0,28:30,59996,50049,12,4
LEC,LEC/2026 Season/Versus Season_Week 2_12_1,LEC/2026 Season/Versus Season_Week 2_12,Karmine Corp,G2 Esports,1.0,1-0,33:43,57646,73309,4,19
LEC,LEC/2026 Season/Versus Season_Week 2_13_1,LEC/2026 Season/Versus Season_Week 2_13,SK Gaming,Karmine Corp Blue,1.0,1-0,25:17,60741,44077,26,7
LEC,LEC/2026 Season/Versus Season_Week 2_14_1,LEC/2026 Season/Versus Season_Week 2_14,Los Ratones,Shifters,1.0,0-1,37:25,71511,78561,14,20
LEC,LEC/2026 Season/Versus Season_Week 2_15_1,LEC/2026 Season/Versus Season_Week 2_15,Fnatic,Team Vitality,1.0,0-1,29:42,52227,66967,2,20
LEC,LEC/2026 Season/Versus Season_Week 2_16_1,LEC/2026 Season/Versus Season_Week 2_16,G2 Esports,Team Heretics,1.0,0-1,29:06,61580,47460,17,6
LEC,LEC/2026 Season/Versus Season_Week 2_17_1,LEC/2026 Season/Versus Season_Week 2_17,Karmine Corp,Natus Vincere,1.0,0-1,30:48,53276,66666,6,16
LEC,LEC/2026 Season/Versus Season_Week 2_18_1,LEC/2026 Season/Versus Season_Week 2_18,GIANTX,Movistar KOI,1.0,0-1,32:41,56653,67323,5,12
LEC,LEC/2026 Season/Versus Season_Week 2_2_1,LEC/2026 Season/Versus Season_Week 2_2,Natus Vincere,Karmine Corp Blue,1.0,1-0,37:55,79956,73133,25,24
LEC,LEC/2026 Season/Versus Season_Week 2_3_1,LEC/2026 Season/Versus Season_Week 2_3,Team Heretics,Team Vitality,1.0,0-1,32:27,66248,60573,13,8
LEC,LEC/2026 Season/Versus Season_Week 2_4_1,LEC/2026 Season/Versus Season_Week 2_4,G2 Esports,Shifters,1.0,0-1,29:29,68879,52372,25,7
LEC,LEC/2026 Season/Versus Season_Week 2_5_1,LEC/2026 Season/Versus Season_Week 2_5,Karmine Corp,SK Gaming,1.0,0-1,37:20,67500,80431,6,22
LEC,LEC/2026 Season/Versus Season_Week 2_6_1,LEC/2026 Season/Versus Season_Week 2_6,Movistar KOI,Fnatic,1.0,1-0,32:05,57089,67577,11,22
LEC,LEC/2026 Season/Versus Season_Week 2_7_1,LEC/2026 Season/Versus Season_Week 2_7,Team Vitality,Shifters,1.0,1-0,32:57,68426,61004,19,12
LEC,LEC/2026 Season/Versus Season_Week 2_8_1,LEC/2026 Season/Versus Season_Week 2_8,Natus Vincere,SK Gaming,1.0,0-1,30:43,53935,65156,6,18
LEC,LEC/2026 Season/Versus Season_Week 2_9_1,LEC/2026 Season/Versus Season_Week 2_9,Los Ratones,Team Heretics,1.0,0-1,32:49,58983,70260,8,20
LEC,LEC/2026 Season/Versus Season_Week 3_1_1,LEC/2026 Season/Versus Season_Week 3_1,SK Gaming,Team Heretics,1.0,0-1,39:25,71257,84315,12,19
LEC,LEC/2026 Season/Versus Season_Week 3_10_1,LEC/2026 Season/Versus Season_Week 3_10,Movistar KOI,SK Gaming,1.0,0-1,36:12,70204,82533,13,24
LEC,LEC/2026 Season/Versus Season_Week 3_11_1,LEC/2026 Season/Versus Season_Week 3_11,Karmine Corp,Fnatic,1.0,1-0,30:18,49724,64790,1,11
LEC,LEC/2026 Season/Versus Season_Week 3_12_1,LEC/2026 Season/Versus Season_Week 3_12,Los Ratones,G2 Esports,1.0,1-0,31:32,55649,63511,6,10
LEC,LEC/2026 Season/Versus Season_Week 3_13_1,LEC/2026 Season/Versus Season_Week 3_13,Fnatic,Karmine Corp Blue,1.0,0-1,33:25,57483,70327,5,17
LEC,LEC/2026 Season/Versus Season_Week 3_14_1,LEC/2026 Season/Versus Season_Week 3_14,GIANTX,SK Gaming,1.0,0-1,34:37,67241,70941,11,13
LEC,LEC/2026 Season/Versus Season_Week 3_15_1,LEC/2026 Season/Versus Season_Week 3_15,Natus Vincere,Los Ratones,1.0,1-0,30:49,51758,67212,3,20
LEC,LEC/2026 Season/Versus Season_Week 3_16_1,LEC/2026 Season/Versus Season_Week 3_16,G2 Esports,Team Vitality,1.0,0-1,40:38,78857,78266,19,13
LEC,LEC/2026 Season/Versus Season_Week 3_17_1,LEC/2026 Season/Versus Season_Week 3_17,Team Heretics,Movistar KOI,1.0,1-0,37:49,81265,74080,23,13
LEC,LEC/2026 Season/Versus Season_Week 3_18_1,LEC/2026 Season/Versus Season_Week 3_18,Karmine Corp,Shifters,1.0,0-1,31:16,72458,51935,25,6
LEC,LEC/2026 Season/Versus Season_Week 3_2_1,LEC/2026 Season/Versus Season_Week 3_2,GIANTX,Natus Vincere,1.0,0-1,34:04,81282,71122,29,14
LEC,LEC/2026 Season/Versus Season_Week 3_3_1,LEC/2026 Season/Versus Season_Week 3_3,Shifters,Fnatic,1.0,1-0,33:20,63083,65273,15,14
LEC,LEC/2026 Season/Versus Season_Week 3_4_1,LEC/2026 Season/Versus Season_Week 3_4,G2 Esports,Karmine Corp Blue,1.0,0-1,34:00,67735,59410,16,12
LEC,LEC/2026 Season/Versus Season_Week 3_5_1,LEC/2026 Season/Versus Season_Week 3_5,Team Vitality,Karmine Corp,1.0,1-0,32:58,72318,60951,16,5
LEC,LEC/2026 Season/Versus Season_Week 3_6_1,LEC/2026 Season/Versus Season_Week 3_6,Los Ratones,Movistar KOI,1.0,0-1,39:57,79424,73644,14,10
LEC,LEC/2026 Season/Versus Season_Week 3_7_1,LEC/2026 Season/Versus Season_Week 3_7,Natus Vincere,Shifters,1.0,0-1,41:06,79212,91133,14,20
LEC,LEC/2026 Season/Versus Season_Week 3_8_1,LEC/2026 Season/Versus Season_Week 3_8,Team Heretics,Karmine Corp Blue,1.0,1-0,42:46,86257,77317,21,12
LEC,LEC/2026 Season/Versus Season_Week 3_9_1,LEC/2026 Season/Versus Season_Week 3_9,Team Vitality,GIANTX,1.0,1-0,36:38,68553,74017,9,18
LEC,LEC/2026 Season/Versus Season_Week 4_1_1,LEC/2026 Season/Versus Season_Week 4_1,Team Heretics,Fnatic,1.0,1-0,35:05,69083,62983,17,11
LEC,LEC/2026 Season/Versus Season_Week 4_10_1,LEC/2026 Season/Versus Season_Week 4_10,Movistar KOI,Natus Vincere,1.0,0-1,28:58,62936,49443,13,2
LEC,LEC/2026 Season/Versus Season_Week 4_11_1,LEC/2026 Season/Versus Season_Week 4_11,Team Heretics,Karmine Corp,1.0,1-0,34:03,69680,61026,18,4
LEC,LEC/2026 Season/Versus Season_Week 4_12_1,LEC/2026 Season/Versus Season_Week 4_12,G2 Esports,Fnatic,1.0,0-1,27:57,63341,48220,20,5
LEC,LEC/2026 Season/Versus Season_Week 4_2_1,LEC/2026 Season/Versus Season_Week 4_2,Shifters,Karmine Corp Blue,1.0,1-0,33:28,59545,71551,6,19
LEC,LEC/2026 Season/Versus Season_Week 4_3_1,LEC/2026 Season/Versus Season_Week 4_3,Los Ratones,SK Gaming,1.0,0-1,34:58,62803,72495,7,12
LEC,LEC/2026 Season/Versus Season_Week 4_4_1,LEC/2026 Season/Versus Season_Week 4_4,Natus Vincere,G2 Esports,1.0,1-0,29:55,52941,65315,10,25
LEC,LEC/2026 Season/Versus Season_Week 4_5_1,LEC/2026 Season/Versus Season_Week 4_5,Team Vitality,Movistar KOI,1.0,1-0,36:40,68004,75877,9,24
LEC,LEC/2026 Season/Versus Season_Week 4_6_1,LEC/2026 Season/Versus Season_Week 4_6,Karmine Corp,GIANTX,1.0,1-0,33:11,69885,58917,15,3
LEC,LEC/2026 Season/Versus Season_Week 4_7_1,LEC/2026 Season/Versus Season_Week 4_7,Team Vitality,Los Ratones,1.0,1-0,34:56,66970,69818,16,19
LEC,LEC/2026 Season/Versus Season_Week 4_8_1,LEC/2026 Season/Versus Season_Week 4_8,Karmine Corp Blue,GIANTX,1.0,1-0,31:33,61831,67128,13,20
LEC,LEC/2026 Season/Versus Season_Week 4_9_1,LEC/2026 Season/Versus Season_Week 4_9,Shifters,SK Gaming,1.0,0-1,38:20,77714,72762,20,11
LCS,LCS/2026 Season/Lock-In_Finals_1_1,LCS/2026 Season/Lock-In_Finals_1,Cloud9,LYON (2024 American Team),5.0,1-3,37:33,69650,76548,9,13
LCS,LCS/2026 Season/Lock-In_Finals_1_2,LCS/2026 Season/Lock-In_Finals_1,LYON (2024 American Team),Cloud9,5.0,1-3,35:22,60020,73440,6,21
LCS,LCS/2026 Season/Lock-In_Finals_1_3,LCS/2026 Season/Lock-In_Finals_1,LYON (2024 American Team),Cloud9,5.0,1-3,41:11,79724,72607,18,10
LCS,LCS/2026 Season/Lock-In_Finals_1_4,LCS/2026 Season/Lock-In_Finals_1,LYON (2024 American Team),Cloud9,5.0,1-3,31:04,61647,53504,15,5
LCS,LCS/2026 Season/Lock-In_Last Chance_1_1,LCS/2026 Season/Lock-In_Last Chance_1,Team Liquid,Dignitas,1.0,1-0,46:39,91268,85752,25,18
LCS,LCS/2026 Season/Lock-In_Playoffs Round 1_1_1,LCS/2026 Season/Lock-In_Playoffs Round 1_1,Disguised,Sentinels,5.0,3-2,32:55,57621,72286,8,20
LCS,LCS/2026 Season/Lock-In_Playoffs Round 1_1_2,LCS/2026 Season/Lock-In_Playoffs Round 1_1,Sentinels,Disguised,5.0,3-2,34:44,71419,63814,21,12
LCS,LCS/2026 Season/Lock-In_Playoffs Round 1_1_3,LCS/2026 Season/Lock-In_Playoffs Round 1_1,Disguised,Sentinels,5.0,3-2,35:36,67206,73083,15,13
LCS,LCS/2026 Season/Lock-In_Playoffs Round 1_1_4,LCS/2026 Season/Lock-In_Playoffs Round 1_1,Sentinels,Disguised,5.0,3-2,32:06,70024,55185,19,4
LCS,LCS/2026 Season/Lock-In_Playoffs Round 1_1_5,LCS/2026 Season/Lock-In_Playoffs Round 1_1,Sentinels,Disguised,5.0,3-2,32:51,61315,56126,14,7
LCS,LCS/2026 Season/Lock-In_Playoffs Round 1_2_1,LCS/2026 Season/Lock-In_Playoffs Round 1_2,Cloud9,FlyQuest,5.0,3-0,29:02,62699,49734,18,4
LCS,LCS/2026 Season/Lock-In_Playoffs Round 1_2_2,LCS/2026 Season/Lock-In_Playoffs Round 1_2,Cloud9,FlyQuest,5.0,3-0,25:37,55609,44090,12,5
LCS,LCS/2026 Season/Lock-In_Playoffs Round 1_2_3,LCS/2026 Season/Lock-In_Playoffs Round 1_2,Cloud9,FlyQuest,5.0,3-0,25:46,56204,46163,24,9
LCS,LCS/2026 Season/Lock-In_Playoffs Round 1_3_1,LCS/2026 Season/Lock-In_Playoffs Round 1_3,Team Liquid,Disguised,5.0,0-3,34:14,73472,59308,23,8
LCS,LCS/2026 Season/Lock-In_Playoffs Round 1_3_2,LCS/2026 Season/Lock-In_Playoffs Round 1_3,Team Liquid,Disguised,5.0,0-3,24:04,51460,39247,16,4
LCS,LCS/2026 Season/Lock-In_Playoffs Round 1_3_3,LCS/2026 Season/Lock-In_Playoffs Round 1_3,Team Liquid,Disguised,5.0,0-3,30:46,60741,54001,13,11
LCS,LCS/2026 Season/Lock-In_Playoffs Round 1_4_1,LCS/2026 Season/Lock-In_Playoffs Round 1_4,LYON (2024 American Team),FlyQuest,5.0,0-3,30:01,68224,47089,26,1
LCS,LCS/2026 Season/Lock-In_Playoffs Round 1_4_2,LCS/2026 Season/Lock-In_Playoffs Round 1_4,LYON (2024 American Team),FlyQuest,5.0,0-3,38:26,76464,67657,17,9
LCS,LCS/2026 Season/Lock-In_Playoffs Round 1_4_3,LCS/2026 Season/Lock-In_Playoffs Round 1_4,LYON (2024 American Team),FlyQuest,5.0,0-3,28:47,62444,49006,25,8
LCS,LCS/2026 Season/Lock-In_Playoffs Round 2_1_1,LCS/2026 Season/Lock-In_Playoffs Round 2_1,Cloud9,Sentinels,5.0,3-0,32:13,57130,70377,7,16
LCS,LCS/2026 Season/Lock-In_Playoffs Round 2_1_2,LCS/2026 Season/Lock-In_Playoffs Round 2_1,Cloud9,Sentinels,5.0,3-0,29:54,62898,51693,18,9
LCS,LCS/2026 Season/Lock-In_Playoffs Round 2_1_3,LCS/2026 Season/Lock-In_Playoffs Round 2_1,Cloud9,Sentinels,5.0,3-0,23:35,52489,40102,16,3
LCS,LCS/2026 Season/Lock-In_Playoffs Round 2_2_1,LCS/2026 Season/Lock-In_Playoffs Round 2_2,LYON (2024 American Team),Team Liquid,5.0,3-1,37:13,62955,74257,3,15
LCS,LCS/2026 Season/Lock-In_Playoffs Round 2_2_2,LCS/2026 Season/Lock-In_Playoffs Round 2_2,Team Liquid,LYON (2024 American Team),5.0,3-1,33:05,60505,68806,7,17
LCS,LCS/2026 Season/Lock-In_Playoffs Round 2_2_3,LCS/2026 Season/Lock-In_Playoffs Round 2_2,LYON (2024 American Team),Team Liquid,5.0,3-1,27:48,49081,55738,5,10
LCS,LCS/2026 Season/Lock-In_Playoffs Round 2_2_4,LCS/2026 Season/Lock-In_Playoffs Round 2_2,LYON (2024 American Team),Team Liquid,5.0,3-1,34:55,69205,56471,13,5
LCS,LCS/2026 Season/Lock-In_Playoffs Round 3_1_1,LCS/2026 Season/Lock-In_Playoffs Round 3_1,LYON (2024 American Team),Sentinels,5.0,1-3,31:03,61239,51835,10,4
LCS,LCS/2026 Season/Lock-In_Playoffs Round 3_1_2,LCS/2026 Season/Lock-In_Playoffs Round 3_1,LYON (2024 American Team),Sentinels,5.0,1-3,37:11,80003,64391,22,7
LCS,LCS/2026 Season/Lock-In_Playoffs Round 3_1_3,LCS/2026 Season/Lock-In_Playoffs Round 3_1,Sentinels,LYON (2024 American Team),5.0,1-3,34:27,64308,68400,7,15
LCS,LCS/2026 Season/Lock-In_Playoffs Round 3_1_4,LCS/2026 Season/Lock-In_Playoffs Round 3_1,LYON (2024 American Team),Sentinels,5.0,1-3,38:37,70689,75856,11,18
LCS,LCS/2026 Season/Lock-In_Swiss Round 1_1_1,LCS/2026 Season/Lock-In_Swiss Round 1_1,Cloud9,Team Liquid,3.0,2-0,36:03,62831,70419,7,13
LCS,LCS/2026 Season/Lock-In_Swiss Round 1_1_2,LCS/2026 Season/Lock-In_Swiss Round 1_1,Cloud9,Team Liquid,3.0,2-0,30:33,63595,49420,19,4
LCS,LCS/2026 Season/Lock-In_Swiss Round 1_2_1,LCS/2026 Season/Lock-In_Swiss Round 1_2,Sentinels,Disguised,3.0,1-2,49:42,95575,101339,19,22
LCS,LCS/2026 Season/Lock-In_Swiss Round 1_2_2,LCS/2026 Season/Lock-In_Swiss Round 1_2,Disguised,Sentinels,3.0,1-2,37:10,68627,77384,14,31
LCS,LCS/2026 Season/Lock-In_Swiss Round 1_2_3,LCS/2026 Season/Lock-In_Swiss Round 1_2,Disguised,Sentinels,3.0,1-2,28:36,61537,47973,17,6
LCS,LCS/2026 Season/Lock-In_Swiss Round 1_3_1,LCS/2026 Season/Lock-In_Swiss Round 1_3,FlyQuest,Shopify Rebellion,3.0,2-0,39:42,87813,75108,30,18
LCS,LCS/2026 Season/Lock-In_Swiss Round 1_3_2,LCS/2026 Season/Lock-In_Swiss Round 1_3,FlyQuest,Shopify Rebellion,3.0,2-0,38:57,79472,71401,22,9
LCS,LCS/2026 Season/Lock-In_Swiss Round 1_4_1,LCS/2026 Season/Lock-In_Swiss Round 1_4,LYON (2024 American Team),Dignitas,3.0,2-0,30:31,65903,53349,18,4
LCS,LCS/2026 Season/Lock-In_Swiss Round 1_4_2,LCS/2026 Season/Lock-In_Swiss Round 1_4,LYON (2024 American Team),Dignitas,3.0,2-0,37:08,74121,68234,17,16
LCS,LCS/2026 Season/Lock-In_Swiss Round 2_1_1,LCS/2026 Season/Lock-In_Swiss Round 2_1,Cloud9,LYON (2024 American Team),3.0,2-0,45:20,83330,83993,13,8
LCS,LCS/2026 Season/Lock-In_Swiss Round 2_1_2,LCS/2026 Season/Lock-In_Swiss Round 2_1,Cloud9,LYON (2024 American Team),3.0,2-0,37:20,72029,70302,14,9
LCS,LCS/2026 Season/Lock-In_Swiss Round 2_2_1,LCS/2026 Season/Lock-In_Swiss Round 2_2,Sentinels,Dignitas,3.0,2-0,29:36,50090,64148,6,18
LCS,LCS/2026 Season/Lock-In_Swiss Round 2_2_2,LCS/2026 Season/Lock-In_Swiss Round 2_2,Sentinels,Dignitas,3.0,2-0,28:13,59156,43098,20,3
LCS,LCS/2026 Season/Lock-In_Swiss Round 2_3_1,LCS/2026 Season/Lock-In_Swiss Round 2_3,FlyQuest,Disguised,3.0,2-1,28:27,46999,60330,1,15
LCS,LCS/2026 Season/Lock-In_Swiss Round 2_3_2,LCS/2026 Season/Lock-In_Swiss Round 2_3,Disguised,FlyQuest,3.0,2-1,35:05,74845,66819,17,15
LCS,LCS/2026 Season/Lock-In_Swiss Round 2_3_3,LCS/2026 Season/Lock-In_Swiss Round 2_3,FlyQuest,Disguised,3.0,2-1,30:23,68352,54746,21,11
LCS,LCS/2026 Season/Lock-In_Swiss Round 2_4_1,LCS/2026 Season/Lock-In_Swiss Round 2_4,Team Liquid,Shopify Rebellion,3.0,0-2,28:38,57243,48487,11,5
LCS,LCS/2026 Season/Lock-In_Swiss Round 2_4_2,LCS/2026 Season/Lock-In_Swiss Round 2_4,Team Liquid,Shopify Rebellion,3.0,0-2,24:11,55251,42129,17,3
LCS,LCS/2026 Season/Lock-In_Swiss Round 3_1_1,LCS/2026 Season/Lock-In_Swiss Round 3_1,Team Liquid,Sentinels,3.0,1-2,28:48,48654,63223,5,19
LCS,LCS/2026 Season/Lock-In_Swiss Round 3_1_2,LCS/2026 Season/Lock-In_Swiss Round 3_1,Sentinels,Team Liquid,3.0,1-2,46:18,83137,95152,15,29
LCS,LCS/2026 Season/Lock-In_Swiss Round 3_1_3,LCS/2026 Season/Lock-In_Swiss Round 3_1,Sentinels,Team Liquid,3.0,1-2,33:12,65688,55478,18,9
LCS,LCS/2026 Season/Lock-In_Swiss Round 3_2_1,LCS/2026 Season/Lock-In_Swiss Round 3_2,Disguised,LYON (2024 American Team),3.0,2-1,33:01,58907,67895,5,15
LCS,LCS/2026 Season/Lock-In_Swiss Round 3_2_2,LCS/2026 Season/Lock-In_Swiss Round 3_2,LYON (2024 American Team),Disguised,3.0,2-1,31:02,63061,55701,14,6
LCS,LCS/2026 Season/Lock-In_Swiss Round 3_2_3,LCS/2026 Season/Lock-In_Swiss Round 3_2,Disguised,LYON (2024 American Team),3.0,2-1,28:10,47458,62283,4,16
LCS,LCS/2026 Season/Lock-In_Swiss Round 3_3_1,LCS/2026 Season/Lock-In_Swiss Round 3_3,Dignitas,Shopify Rebellion,3.0,2-0,40:48,76622,82996,13,27
LCS,LCS/2026 Season/Lock-In_Swiss Round 3_3_2,LCS/2026 Season/Lock-In_Swiss Round 3_3,Dignitas,Shopify Rebellion,3.0,2-0,24:45,52903,46129,20,9
LCS,LCS/2026 Season/Lock-In_Swiss Round 3_4_1,LCS/2026 Season/Lock-In_Swiss Round 3_4,Cloud9,FlyQuest,3.0,2-1,28:55,49748,66624,5,16
LCS,LCS/2026 Season/Lock-In_Swiss Round 3_4_2,LCS/2026 Season/Lock-In_Swiss Round 3_4,FlyQuest,Cloud9,3.0,2-1,38:44,71487,73620,6,13
LCS,LCS/2026 Season/Lock-In_Swiss Round 3_4_3,LCS/2026 Season/Lock-In_Swiss Round 3_4,Cloud9,FlyQuest,3.0,2-1,24:39,57872,40119,26,5
LCK,LCK/2026 Season/Cup_Finals_1_1,LCK/2026 Season/Cup_Finals_1,Gen.G,BNK FEARX,5.0,3-0,27:53,60253,50995,17,9
LCK,LCK/2026 Season/Cup_Finals_1_2,LCK/2026 Season/Cup_Finals_1,Gen.G,BNK FEARX,5.0,3-0,24:07,52797,40707,13,3
LCK,LCK/2026 Season/Cup_Finals_1_3,LCK/2026 Season/Cup_Finals_1,Gen.G,BNK FEARX,5.0,3-0,30:54,63825,53110,18,3
LCK,LCK/2026 Season/Cup_Play-In Round 1_1_1,LCK/2026 Season/Cup_Play-In Round 1_1,DRX,BRION,3.0,2-1,24:07,39142,57019,4,24
LCK,LCK/2026 Season/Cup_Play-In Round 1_1_2,LCK/2026 Season/Cup_Play-In Round 1_1,BRION,DRX,3.0,2-1,34:31,65789,70431,11,17
LCK,LCK/2026 Season/Cup_Play-In Round 1_1_3,LCK/2026 Season/Cup_Play-In Round 1_1,DRX,BRION,3.0,2-1,30:05,51364,61660,7,19
LCK,LCK/2026 Season/Cup_Play-In Round 1_2_1,LCK/2026 Season/Cup_Play-In Round 1_2,DN SOOPers,KT Rolster,3.0,0-2,49:35,101316,98226,28,18
LCK,LCK/2026 Season/Cup_Play-In Round 1_2_2,LCK/2026 Season/Cup_Play-In Round 1_2,DN SOOPers,KT Rolster,3.0,0-2,30:10,60276,52298,12,3
LCK,LCK/2026 Season/Cup_Play-In Round 2_1_1,LCK/2026 Season/Cup_Play-In Round 2_1,Dplus Kia,DRX,3.0,2-0,25:36,61909,42306,35,7
LCK,LCK/2026 Season/Cup_Play-In Round 2_1_2,LCK/2026 Season/Cup_Play-In Round 2_1,Dplus Kia,DRX,3.0,2-0,27:50,64890,50998,32,16
LCK,LCK/2026 Season/Cup_Play-In Round 2_2_1,LCK/2026 Season/Cup_Play-In Round 2_2,Nongshim RedForce,DN SOOPers,3.0,1-2,30:20,52157,67764,3,24
LCK,LCK/2026 Season/Cup_Play-In Round 2_2_2,LCK/2026 Season/Cup_Play-In Round 2_2,DN SOOPers,Nongshim RedForce,3.0,1-2,31:59,59315,66670,9,19
LCK,LCK/2026 Season/Cup_Play-In Round 2_2_3,LCK/2026 Season/Cup_Play-In Round 2_2,DN SOOPers,Nongshim RedForce,3.0,1-2,45:31,92727,90068,20,24
LCK,LCK/2026 Season/Cup_Play-In Round 3_1_1,LCK/2026 Season/Cup_Play-In Round 3_1,DRX,Nongshim RedForce,5.0,3-0,27:38,50193,64587,7,26
LCK,LCK/2026 Season/Cup_Play-In Round 3_1_2,LCK/2026 Season/Cup_Play-In Round 3_1,DRX,Nongshim RedForce,5.0,3-0,32:46,69076,58109,23,7
LCK,LCK/2026 Season/Cup_Play-In Round 3_1_3,LCK/2026 Season/Cup_Play-In Round 3_1,DRX,Nongshim RedForce,5.0,3-0,31:45,68671,56395,22,8
LCK,LCK/2026 Season/Cup_Playoffs Round 1_1_1,LCK/2026 Season/Cup_Playoffs Round 1_1,DN SOOPers,BNK FEARX,5.0,3-2,28:25,64055,46815,23,5
LCK,LCK/2026 Season/Cup_Playoffs Round 1_1_2,LCK/2026 Season/Cup_Playoffs Round 1_1,BNK FEARX,DN SOOPers,5.0,3-2,37:41,70907,78293,11,23
LCK,LCK/2026 Season/Cup_Playoffs Round 1_1_3,LCK/2026 Season/Cup_Playoffs Round 1_1,BNK FEARX,DN SOOPers,5.0,3-2,25:23,56058,45237,19,8
LCK,LCK/2026 Season/Cup_Playoffs Round 1_1_4,LCK/2026 Season/Cup_Playoffs Round 1_1,DN SOOPers,BNK FEARX,5.0,3-2,30:02,57651,60144,15,17
LCK,LCK/2026 Season/Cup_Playoffs Round 1_1_5,LCK/2026 Season/Cup_Playoffs Round 1_1,BNK FEARX,DN SOOPers,5.0,3-2,37:19,74225,80966,18,27
LCK,LCK/2026 Season/Cup_Playoffs Round 1_2_1,LCK/2026 Season/Cup_Playoffs Round 1_2,DRX,Dplus Kia,5.0,3-2,33:44,63390,73713,14,26
LCK,LCK/2026 Season/Cup_Playoffs Round 1_2_2,LCK/2026 Season/Cup_Playoffs Round 1_2,Dplus Kia,DRX,5.0,3-2,41:53,84484,82400,25,18
LCK,LCK/2026 Season/Cup_Playoffs Round 1_2_3,LCK/2026 Season/Cup_Playoffs Round 1_2,DRX,Dplus Kia,5.0,3-2,41:54,75245,83017,13,16
LCK,LCK/2026 Season/Cup_Playoffs Round 1_2_4,LCK/2026 Season/Cup_Playoffs Round 1_2,Dplus Kia,DRX,5.0,3-2,27:01,56460,41358,13,2
LCK,LCK/2026 Season/Cup_Playoffs Round 1_2_5,LCK/2026 Season/Cup_Playoffs Round 1_2,Dplus Kia,DRX,5.0,3-2,30:03,62825,51290,13,6
LCK,LCK/2026 Season/Cup_Playoffs Round 1_3_1,LCK/2026 Season/Cup_Playoffs Round 1_3,DN SOOPers,DRX,5.0,3-1,30:00,50207,64693,4,24
LCK,LCK/2026 Season/Cup_Playoffs Round 1_3_2,LCK/2026 Season/Cup_Playoffs Round 1_3,DN SOOPers,DRX,5.0,3-1,28:34,64433,51134,23,11
LCK,LCK/2026 Season/Cup_Playoffs Round 1_3_3,LCK/2026 Season/Cup_Playoffs Round 1_3,DRX,DN SOOPers,5.0,3-1,27:39,51608,62247,13,19
LCK,LCK/2026 Season/Cup_Playoffs Round 1_3_4,LCK/2026 Season/Cup_Playoffs Round 1_3,DN SOOPers,DRX,5.0,3-1,36:31,69412,73979,21,22
LCK,LCK/2026 Season/Cup_Playoffs Round 2_1_1,LCK/2026 Season/Cup_Playoffs Round 2_1,Gen.G,Dplus Kia,5.0,3-1,31:09,52531,69695,7,25
LCK,LCK/2026 Season/Cup_Playoffs Round 2_1_2,LCK/2026 Season/Cup_Playoffs Round 2_1,Dplus Kia,Gen.G,5.0,3-1,40:35,81370,82342,18,15
LCK,LCK/2026 Season/Cup_Playoffs Round 2_1_3,LCK/2026 Season/Cup_Playoffs Round 2_1,Gen.G,Dplus Kia,5.0,3-1,31:52,53423,68102,9,17
LCK,LCK/2026 Season/Cup_Playoffs Round 2_1_4,LCK/2026 Season/Cup_Playoffs Round 2_1,Gen.G,Dplus Kia,5.0,3-1,44:51,93423,81300,19,16
LCK,LCK/2026 Season/Cup_Playoffs Round 2_2_1,LCK/2026 Season/Cup_Playoffs Round 2_2,BNK FEARX,T1,5.0,1-3,31:13,68961,58516,25,20
LCK,LCK/2026 Season/Cup_Playoffs Round 2_2_2,LCK/2026 Season/Cup_Playoffs Round 2_2,T1,BNK FEARX,5.0,1-3,34:11,61853,70491,9,17
LCK,LCK/2026 Season/Cup_Playoffs Round 2_2_3,LCK/2026 Season/Cup_Playoffs Round 2_2,BNK FEARX,T1,5.0,1-3,27:25,46129,57831,6,20
LCK,LCK/2026 Season/Cup_Playoffs Round 2_2_4,LCK/2026 Season/Cup_Playoffs Round 2_2,BNK FEARX,T1,5.0,1-3,27:49,59559,48986,20,10
LCK,LCK/2026 Season/Cup_Playoffs Round 2_3_1,LCK/2026 Season/Cup_Playoffs Round 2_3,Dplus Kia,DN SOOPers,5.0,3-1,37:42,71653,78834,14,17
LCK,LCK/2026 Season/Cup_Playoffs Round 2_3_2,LCK/2026 Season/Cup_Playoffs Round 2_3,Dplus Kia,DN SOOPers,5.0,3-1,38:04,77936,69456,17,9
LCK,LCK/2026 Season/Cup_Playoffs Round 2_3_3,LCK/2026 Season/Cup_Playoffs Round 2_3,DN SOOPers,Dplus Kia,5.0,3-1,32:51,52844,67857,5,21
LCK,LCK/2026 Season/Cup_Playoffs Round 2_3_4,LCK/2026 Season/Cup_Playoffs Round 2_3,Dplus Kia,DN SOOPers,5.0,3-1,29:52,51381,58340,5,11
LCK,LCK/2026 Season/Cup_Playoffs Round 3_1_1,LCK/2026 Season/Cup_Playoffs Round 3_1,T1,Dplus Kia,5.0,2-3,34:57,65294,73144,13,20
LCK,LCK/2026 Season/Cup_Playoffs Round 3_1_2,LCK/2026 Season/Cup_Playoffs Round 3_1,T1,Dplus Kia,5.0,2-3,29:04,49767,64925,7,24
LCK,LCK/2026 Season/Cup_Playoffs Round 3_1_3,LCK/2026 Season/Cup_Playoffs Round 3_1,Dplus Kia,T1,5.0,2-3,39:11,73864,79269,9,15
LCK,LCK/2026 Season/Cup_Playoffs Round 3_1_4,LCK/2026 Season/Cup_Playoffs Round 3_1,Dplus Kia,T1,5.0,2-3,33:53,68198,61432,14,14
LCK,LCK/2026 Season/Cup_Playoffs Round 3_1_5,LCK/2026 Season/Cup_Playoffs Round 3_1,Dplus Kia,T1,5.0,2-3,31:33,63286,55225,15,9
LCK,LCK/2026 Season/Cup_Playoffs Round 4_1_1,LCK/2026 Season/Cup_Playoffs Round 4_1,Gen.G,BNK FEARX,5.0,3-1,31:46,68450,59286,18,13
LCK,LCK/2026 Season/Cup_Playoffs Round 4_1_2,LCK/2026 Season/Cup_Playoffs Round 4_1,Gen.G,BNK FEARX,5.0,3-1,33:34,71266,58811,19,12
LCK,LCK/2026 Season/Cup_Playoffs Round 4_1_3,LCK/2026 Season/Cup_Playoffs Round 4_1,BNK FEARX,Gen.G,5.0,3-1,28:37,52101,63140,5,17
LCK,LCK/2026 Season/Cup_Playoffs Round 4_1_4,LCK/2026 Season/Cup_Playoffs Round 4_1,Gen.G,BNK FEARX,5.0,3-1,23:15,54028,35756,22,4
LCK,LCK/2026 Season/Cup_Playoffs Round 4_2_1,LCK/2026 Season/Cup_Playoffs Round 4_2,BNK FEARX,Dplus Kia,5.0,3-0,28:54,52277,63934,9,18
LCK,LCK/2026 Season/Cup_Playoffs Round 4_2_2,LCK/2026 Season/Cup_Playoffs Round 4_2,BNK FEARX,Dplus Kia,5.0,3-0,34:56,70492,63907,20,12
LCK,LCK/2026 Season/Cup_Playoffs Round 4_2_3,LCK/2026 Season/Cup_Playoffs Round 4_2,BNK FEARX,Dplus Kia,5.0,3-0,30:54,67094,54032,28,11
LCK,LCK/2026 Season/Cup_Week 1_1_1,LCK/2026 Season/Cup_Week 1_1,DN SOOPers,KT Rolster,3.0,2-1,31:28,65894,56912,19,8
LCK,LCK/2026 Season/Cup_Week 1_1_2,LCK/2026 Season/Cup_Week 1_1,KT Rolster,DN SOOPers,3.0,2-1,27:30,44413,62572,0,14
LCK,LCK/2026 Season/Cup_Week 1_1_3,LCK/2026 Season/Cup_Week 1_1,KT Rolster,DN SOOPers,3.0,2-1,36:37,72930,67984,17,14
LCK,LCK/2026 Season/Cup_Week 1_10_1,LCK/2026 Season/Cup_Week 1_10,T1,DRX,3.0,1-2,29:26,65328,57332,26,17
LCK,LCK/2026 Season/Cup_Week 1_10_2,LCK/2026 Season/Cup_Week 1_10,DRX,T1,3.0,1-2,30:32,55319,64704,10,22
LCK,LCK/2026 Season/Cup_Week 1_10_3,LCK/2026 Season/Cup_Week 1_10,T1,DRX,3.0,1-2,35:02,62080,74251,15,29
LCK,LCK/2026 Season/Cup_Week 1_2_1,LCK/2026 Season/Cup_Week 1_2,Dplus Kia,BRION,3.0,2-0,28:19,64874,49631,22,7
LCK,LCK/2026 Season/Cup_Week 1_2_2,LCK/2026 Season/Cup_Week 1_2,Dplus Kia,BRION,3.0,2-0,25:30,59059,42928,27,7
LCK,LCK/2026 Season/Cup_Week 1_3_1,LCK/2026 Season/Cup_Week 1_3,Gen.G,DRX,3.0,2-0,29:43,52005,60101,7,16
LCK,LCK/2026 Season/Cup_Week 1_3_2,LCK/2026 Season/Cup_Week 1_3,Gen.G,DRX,3.0,2-0,24:29,57965,39238,34,5
LCK,LCK/2026 Season/Cup_Week 1_4_1,LCK/2026 Season/Cup_Week 1_4,BNK FEARX,Nongshim RedForce,3.0,2-0,34:31,65770,73167,13,26
LCK,LCK/2026 Season/Cup_Week 1_4_2,LCK/2026 Season/Cup_Week 1_4,BNK FEARX,Nongshim RedForce,3.0,2-0,28:52,61822,50807,19,11
LCK,LCK/2026 Season/Cup_Week 1_5_1,LCK/2026 Season/Cup_Week 1_5,Dplus Kia,DN SOOPers,3.0,0-2,25:05,53605,42343,17,3
LCK,LCK/2026 Season/Cup_Week 1_5_2,LCK/2026 Season/Cup_Week 1_5,Dplus Kia,DN SOOPers,3.0,0-2,25:36,58033,42855,15,6
LCK,LCK/2026 Season/Cup_Week 1_6_1,LCK/2026 Season/Cup_Week 1_6,Hanwha Life Esports,T1,3.0,1-2,36:45,70485,75935,13,16
LCK,LCK/2026 Season/Cup_Week 1_6_2,LCK/2026 Season/Cup_Week 1_6,T1,Hanwha Life Esports,3.0,1-2,26:43,47291,59269,6,22
LCK,LCK/2026 Season/Cup_Week 1_6_3,LCK/2026 Season/Cup_Week 1_6,T1,Hanwha Life Esports,3.0,1-2,28:20,67178,49435,32,9
LCK,LCK/2026 Season/Cup_Week 1_7_1,LCK/2026 Season/Cup_Week 1_7,BNK FEARX,BRION,3.0,1-2,31:53,66755,59398,17,13
LCK,LCK/2026 Season/Cup_Week 1_7_2,LCK/2026 Season/Cup_Week 1_7,BRION,BNK FEARX,3.0,1-2,25:06,45174,57212,10,20
LCK,LCK/2026 Season/Cup_Week 1_7_3,LCK/2026 Season/Cup_Week 1_7,BNK FEARX,BRION,3.0,1-2,36:27,68457,74933,12,18
LCK,LCK/2026 Season/Cup_Week 1_8_1,LCK/2026 Season/Cup_Week 1_8,Gen.G,KT Rolster,3.0,2-0,31:12,54539,72604,7,22
LCK,LCK/2026 Season/Cup_Week 1_8_2,LCK/2026 Season/Cup_Week 1_8,Gen.G,KT Rolster,3.0,2-0,28:02,66044,47407,27,8
LCK,LCK/2026 Season/Cup_Week 1_9_1,LCK/2026 Season/Cup_Week 1_9,Nongshim RedForce,Hanwha Life Esports,3.0,2-0,30:56,59765,62550,19,17
LCK,LCK/2026 Season/Cup_Week 1_9_2,LCK/2026 Season/Cup_Week 1_9,Nongshim RedForce,Hanwha Life Esports,3.0,2-0,34:31,75478,62136,24,14
LCK,LCK/2026 Season/Cup_Week 2_1_1,LCK/2026 Season/Cup_Week 2_1,Dplus Kia,Nongshim RedForce,3.0,2-1,38:26,79587,71819,20,9
LCK,LCK/2026 Season/Cup_Week 2_1_2,LCK/2026 Season/Cup_Week 2_1,Nongshim RedForce,Dplus Kia,3.0,2-1,23:56,41687,55324,8,21
LCK,LCK/2026 Season/Cup_Week 2_1_3,LCK/2026 Season/Cup_Week 2_1,Dplus Kia,Nongshim RedForce,3.0,2-1,27:06,65510,48743,30,8
LCK,LCK/2026 Season/Cup_Week 2_10_1,LCK/2026 Season/Cup_Week 2_10,BRION,KT Rolster,3.0,2-1,37:59,75358,69625,14,7
LCK,LCK/2026 Season/Cup_Week 2_10_2,LCK/2026 Season/Cup_Week 2_10,KT Rolster,BRION,3.0,2-1,45:35,84673,92661,17,20
LCK,LCK/2026 Season/Cup_Week 2_10_3,LCK/2026 Season/Cup_Week 2_10,KT Rolster,BRION,3.0,2-1,30:01,62293,51486,17,5
LCK,LCK/2026 Season/Cup_Week 2_2_1,LCK/2026 Season/Cup_Week 2_2,DRX,DN SOOPers,3.0,1-2,31:20,52573,67457,2,18
LCK,LCK/2026 Season/Cup_Week 2_2_2,LCK/2026 Season/Cup_Week 2_2,DN SOOPers,DRX,3.0,1-2,32:23,56305,69347,9,22
LCK,LCK/2026 Season/Cup_Week 2_2_3,LCK/2026 Season/Cup_Week 2_2,DN SOOPers,DRX,3.0,1-2,33:23,71737,62634,21,16
LCK,LCK/2026 Season/Cup_Week 2_3_1,LCK/2026 Season/Cup_Week 2_3,Hanwha Life Esports,BRION,3.0,1-2,36:59,76864,69359,22,18
LCK,LCK/2026 Season/Cup_Week 2_3_2,LCK/2026 Season/Cup_Week 2_3,BRION,Hanwha Life Esports,3.0,1-2,34:48,63882,70346,12,20
LCK,LCK/2026 Season/Cup_Week 2_3_3,LCK/2026 Season/Cup_Week 2_3,Hanwha Life Esports,BRION,3.0,1-2,28:59,49856,62315,4,12
LCK,LCK/2026 Season/Cup_Week 2_4_1,LCK/2026 Season/Cup_Week 2_4,Gen.G,BNK FEARX,3.0,0-2,34:35,73034,69317,18,22
LCK,LCK/2026 Season/Cup_Week 2_4_2,LCK/2026 Season/Cup_Week 2_4,Gen.G,BNK FEARX,3.0,0-2,31:56,70528,61470,23,10
LCK,LCK/2026 Season/Cup_Week 2_5_1,LCK/2026 Season/Cup_Week 2_5,T1,KT Rolster,3.0,0-2,30:49,66705,52408,16,5
LCK,LCK/2026 Season/Cup_Week 2_5_2,LCK/2026 Season/Cup_Week 2_5,T1,KT Rolster,3.0,0-2,46:36,96187,94163,9,18
LCK,LCK/2026 Season/Cup_Week 2_6_1,LCK/2026 Season/Cup_Week 2_6,DRX,Nongshim RedForce,3.0,1-2,30:06,66775,58099,26,16
LCK,LCK/2026 Season/Cup_Week 2_6_2,LCK/2026 Season/Cup_Week 2_6,Nongshim RedForce,DRX,3.0,1-2,34:14,63664,69830,17,24
LCK,LCK/2026 Season/Cup_Week 2_6_3,LCK/2026 Season/Cup_Week 2_6,DRX,Nongshim RedForce,3.0,1-2,35:30,67419,70515,14,21
LCK,LCK/2026 Season/Cup_Week 2_7_1,LCK/2026 Season/Cup_Week 2_7,Hanwha Life Esports,DN SOOPers,3.0,2-1,37:23,71157,82723,15,27
LCK,LCK/2026 Season/Cup_Week 2_7_2,LCK/2026 Season/Cup_Week 2_7,DN SOOPers,Hanwha Life Esports,3.0,2-1,39:31,78009,71718,17,9
LCK,LCK/2026 Season/Cup_Week 2_7_3,LCK/2026 Season/Cup_Week 2_7,Hanwha Life Esports,DN SOOPers,3.0,2-1,29:08,50280,61971,8,18
LCK,LCK/2026 Season/Cup_Week 2_8_1,LCK/2026 Season/Cup_Week 2_8,Gen.G,Dplus Kia,3.0,0-2,33:54,58860,72234,6,19
LCK,LCK/2026 Season/Cup_Week 2_8_2,LCK/2026 Season/Cup_Week 2_8,Gen.G,Dplus Kia,3.0,0-2,30:17,65970,50092,22,5
LCK,LCK/2026 Season/Cup_Week 2_9_1,LCK/2026 Season/Cup_Week 2_9,T1,BNK FEARX,3.0,2-1,39:24,73057,87900,18,25
LCK,LCK/2026 Season/Cup_Week 2_9_2,LCK/2026 Season/Cup_Week 2_9,BNK FEARX,T1,3.0,2-1,43:00,86042,86159,15,26
LCK,LCK/2026 Season/Cup_Week 2_9_3,LCK/2026 Season/Cup_Week 2_9,T1,BNK FEARX,3.0,2-1,30:20,56872,65352,8,18
LCK,LCK/2026 Season/Cup_Week 3_1_1,LCK/2026 Season/Cup_Week 3_1,DRX,BRION,5.0,2-3,36:10,74459,63531,22,8
LCK,LCK/2026 Season/Cup_Week 3_1_2,LCK/2026 Season/Cup_Week 3_1,BRION,DRX,5.0,2-3,35:06,62990,76732,7,29
LCK,LCK/2026 Season/Cup_Week 3_1_3,LCK/2026 Season/Cup_Week 3_1,BRION,DRX,5.0,2-3,34:06,73824,60798,26,12
LCK,LCK/2026 Season/Cup_Week 3_1_4,LCK/2026 Season/Cup_Week 3_1,DRX,BRION,5.0,2-3,32:01,57662,62835,14,18
LCK,LCK/2026 Season/Cup_Week 3_1_5,LCK/2026 Season/Cup_Week 3_1,DRX,BRION,5.0,2-3,43:07,81409,73069,20,6
LCK,LCK/2026 Season/Cup_Week 3_2_1,LCK/2026 Season/Cup_Week 3_2,BNK FEARX,DN SOOPers,5.0,1-3,35:14,75296,66931,19,14
LCK,LCK/2026 Season/Cup_Week 3_2_2,LCK/2026 Season/Cup_Week 3_2,BNK FEARX,DN SOOPers,5.0,1-3,25:35,54943,48836,17,10
LCK,LCK/2026 Season/Cup_Week 3_2_3,LCK/2026 Season/Cup_Week 3_2,DN SOOPers,BNK FEARX,5.0,1-3,33:47,59644,75163,9,25
LCK,LCK/2026 Season/Cup_Week 3_2_4,LCK/2026 Season/Cup_Week 3_2,BNK FEARX,DN SOOPers,5.0,1-3,39:26,73044,85871,16,19
LCK,LCK/2026 Season/Cup_Week 3_3_1,LCK/2026 Season/Cup_Week 3_3,Nongshim RedForce,KT Rolster,5.0,3-2,27:22,48581,60523,7,22
LCK,LCK/2026 Season/Cup_Week 3_3_2,LCK/2026 Season/Cup_Week 3_3,Nongshim RedForce,KT Rolster,5.0,3-2,37:49,76893,68735,17,9
LCK,LCK/2026 Season/Cup_Week 3_3_3,LCK/2026 Season/Cup_Week 3_3,KT Rolster,Nongshim RedForce,5.0,3-2,25:41,45572,58075,8,21
LCK,LCK/2026 Season/Cup_Week 3_3_4,LCK/2026 Season/Cup_Week 3_3,KT Rolster,Nongshim RedForce,5.0,3-2,38:33,78131,72196,18,8
LCK,LCK/2026 Season/Cup_Week 3_3_5,LCK/2026 Season/Cup_Week 3_3,Nongshim RedForce,KT Rolster,5.0,3-2,26:11,44778,56683,5,16
LCK,LCK/2026 Season/Cup_Week 3_4_1,LCK/2026 Season/Cup_Week 3_4,T1,Dplus Kia,5.0,3-0,33:12,58224,72011,11,21
LCK,LCK/2026 Season/Cup_Week 3_4_2,LCK/2026 Season/Cup_Week 3_4,T1,Dplus Kia,5.0,3-0,28:05,65445,56779,28,11
LCK,LCK/2026 Season/Cup_Week 3_4_3,LCK/2026 Season/Cup_Week 3_4,T1,Dplus Kia,5.0,3-0,39:38,87736,76997,31,16
LCK,LCK/2026 Season/Cup_Week 3_5_1,LCK/2026 Season/Cup_Week 3_5,Gen.G,Hanwha Life Esports,5.0,0-3,36:04,80717,65101,21,8
LCK,LCK/2026 Season/Cup_Week 3_5_2,LCK/2026 Season/Cup_Week 3_5,Gen.G,Hanwha Life Esports,5.0,0-3,35:03,72384,70032,21,17
LCK,LCK/2026 Season/Cup_Week 3_5_3,LCK/2026 Season/Cup_Week 3_5,Gen.G,Hanwha Life Esports,5.0,0-3,32:32,68169,57213,20,9
